"alert_id","src_sys","src_id","cust_id","acct_id","subject_display_name","start_ts","end_ts","priority","susptype1","susptype2","susptype3","alert_score","peer_group","disposition","desc_1","desc_2","desc_3","creater_id","create_ts","review_state","review_ts","review_oper","status","closed_ts","disposition_oper"
1,"1","Alert1",17850,4926,,"2017-01-29T11:26:01Z",,"LOW","CR-T","1",,70,,,,,,"Prime","2017-01-29T11:26:01Z",,,,"Open",,
2,"1","Alert2",14607,2625,,"2018-01-20T12:34:01Z",,"HIGH","CR-T","3",,90,,,,,,"Prime","2018-01-20T12:34:01Z",,,,"Open",,
3,"1","Alert3",12764,1340,,"2017-03-27T13:19:01Z",,"MEDIUM","CR-C","2",,80,,,,,,"Prime","2017-03-27T13:19:01Z",,,,"Open",,
4,"1","Alert4",16000,3620,,"2018-02-04T15:17:01Z",,"MEDIUM","CR-T","2",,80,,,,,,"Prime","2018-02-04T15:17:01Z",,,,"Open",,
5,"1","Alert5",13809,6728,,"2017-04-07T16:15:01Z",,"MEDIUM","CR-S","1",,80,,,,,,"Prime","2017-04-07T16:15:01Z",,,,"Open",,
