"partyid","partytype","isactive","externalregisterednumber","externalsystemname","isindividual","sourcetimestamp","lastreviewtime","nextreviewtime","parentid","establisheddate","dissolveddate","description","department","name","organizationsymbol","countryofincorporation","countryofresidency","industrycode","doingbusinessas","primaryphone","website","alternatephone","companyemail","legalname","natureofbusiness","listedcompany","stockexchangelisted"
5697,"organization",1,12641,1,0,"2017-07-17T16:40:11.307728Z","2018-03-01T01:29:46.549097Z",,,"1959-07-10T00:00:00Z",,,,"Ardon Ltd.",,"GBR","GBR",,"Ardon Ltd.","555-836-5762","http://ardonltd.example.com",,"contact@ardonltd.example.com","Ardon Ltd.","Construction",,
5698,"organization",1,12717,1,0,"2017-12-11T11:08:24.127675Z","2017-06-11T12:11:26.519712Z",,,"2006-08-08T00:00:00Z",,,,"Midgett-Carriaga Inc.",,"GBR","GBR",,"Midgett-Carriaga Inc.","555-390-1502","http://midgettcarriagainc.example.com",,"contact@midgettcarriagainc.example.com","Midgett-Carriaga Inc.","Transportation and Warehousing",,
5699,"organization",1,12732,1,0,"2017-08-15T00:21:29.819437Z","2017-12-18T00:56:57.930767Z",,,"1990-06-21T00:00:00Z",,,,"Feather Corp.",,"GBR","GBR",,"Feather Corp.","555-983-2932","http://feathercorp.example.com",,"contact@feathercorp.example.com","Feather Corp.","Agriculture, Forestry, Fishing and Hunting",,
5700,"organization",1,12798,1,0,"2017-09-25T12:41:00.374504Z","2017-10-27T06:56:31.594881Z",,,"1953-02-22T00:00:00Z",,,,"Belmont",,"GBR","GBR",,"Belmont","555-658-6813","http://belmont.example.com",,"contact@belmont.example.com","Belmont","Manufacturing",,
5701,"organization",1,12809,1,0,"2017-07-10T18:28:23.344855Z","2018-03-20T17:19:20.760766Z",,,"1957-03-15T00:00:00Z",,,,"Buning Corp.",,"GBR","GBR",,"Buning Corp.","555-819-1362","http://buningcorp.example.com",,"contact@buningcorp.example.com","Buning Corp.","Health Care and Social Assistance",,
5702,"organization",1,12822,1,0,"2017-11-11T08:14:02.674300Z","2017-09-16T03:25:22.126526Z",,,"1972-12-12T00:00:00Z",,,,"Strahler LLC",,"DEU","DEU",,"Strahler LLC","555-693-9284","http://strahlerllc.example.com",,"contact@strahlerllc.example.com","Strahler LLC","Mining, Quarrying, and Oil and Gas Extraction",,
5703,"organization",1,12938,1,0,"2017-12-05T13:29:28.588140Z","2017-06-26T11:53:27.204062Z",,,"1942-01-14T00:00:00Z",,,,"Cortez Ltd.",,"GBR","GBR",,"Cortez Ltd.","555-150-8326","http://cortezltd.example.com",,"contact@cortezltd.example.com","Cortez Ltd.","Transportation and Warehousing",,
5704,"organization",1,12989,1,0,"2018-02-13T20:34:20.471678Z","2018-02-28T18:11:08.100581Z",,,"1957-05-13T00:00:00Z",,,,"Mansfield Corp.",,"GBR","GBR",,"Mansfield Corp.","555-366-1900","http://mansfieldcorp.example.com",,"contact@mansfieldcorp.example.com","Mansfield Corp.","Management of Companies and Enterprises",,
5705,"organization",1,12990,1,0,"2017-10-17T10:34:15.506963Z","2017-12-30T02:59:24.939559Z",,,"1959-11-05T00:00:00Z",,,,"Hinton LLC",,"GBR","GBR",,"Hinton LLC","555-737-0323","http://hintonllc.example.com",,"contact@hintonllc.example.com","Hinton LLC","Retail Trade",,
5706,"organization",1,12999,1,0,"2017-07-30T19:45:47.632599Z","2017-12-17T08:43:45.215185Z",,,"2003-04-30T00:00:00Z",,,,"Parkhill",,"GBR","GBR",,"Parkhill","555-792-0768","http://parkhill.example.com",,"contact@parkhill.example.com","Parkhill","Arts, Entertainment, and Recreation",,
5707,"organization",1,13003,1,0,"2018-01-14T11:50:56.595826Z","2017-10-22T14:07:58.939077Z",,,"1940-03-09T00:00:00Z",,,,"Pena Corp.",,"GBR","GBR",,"Pena Corp.","555-847-8645","http://penacorp.example.com",,"contact@penacorp.example.com","Pena Corp.","Manufacturing",,
5708,"organization",1,13004,1,0,"2017-11-09T05:06:24.645241Z","2017-10-22T06:33:49.194546Z",,,"1984-01-09T00:00:00Z",,,,"Shells LLC",,"DEU","DEU",,"Shells LLC","555-009-2318","http://shellsllc.example.com",,"contact@shellsllc.example.com","Shells LLC","Educational Services",,
5709,"organization",1,13060,1,0,"2017-06-05T04:23:52.356530Z","2017-07-08T22:20:09.185421Z",,,"1994-01-01T00:00:00Z",,,,"Scott-Moncrief Ltd.",,"GBR","GBR",,"Scott-Moncrief Ltd.","555-740-3150","http://scottmoncriefltd.example.com",,"contact@scottmoncriefltd.example.com","Scott-Moncrief Ltd.","Mining, Quarrying, and Oil and Gas Extraction",,
5710,"organization",1,13132,1,0,"2017-12-18T07:41:08.715262Z","2017-10-30T11:40:23.655546Z",,,"1938-03-16T00:00:00Z",,,,"Chittarath",,"GBR","GBR",,"Chittarath","555-687-8067","http://chittarath.example.com",,"contact@chittarath.example.com","Chittarath","Administrative and Support and Waste Management and Remediation Services",,
5711,"organization",1,13136,1,0,"2017-10-16T18:51:33.809089Z","2017-05-05T02:30:24.691343Z",,,"1999-01-11T00:00:00Z",,,,"Lee Corp.",,"GBR","GBR",,"Lee Corp.","555-498-4975","http://leecorp.example.com",,"contact@leecorp.example.com","Lee Corp.","Professional, Scientific, and Technical Services",,
5712,"organization",1,13153,1,0,"2017-04-05T06:10:18.152350Z","2017-12-24T01:52:34.497180Z",,,"1980-10-05T00:00:00Z",,,,"Cordova LLC",,"DEU","DEU",,"Cordova LLC","555-629-4935","http://cordovallc.example.com",,"contact@cordovallc.example.com","Cordova LLC","Transportation and Warehousing",,
5713,"organization",1,13189,1,0,"2018-01-24T20:23:25.136588Z","2018-01-04T06:54:25.923464Z",,,"1951-01-31T00:00:00Z",,,,"Callif Inc.",,"GBR","GBR",,"Callif Inc.","555-265-1238","http://callifinc.example.com",,"contact@callifinc.example.com","Callif Inc.","Educational Services",,
5714,"organization",1,13238,1,0,"2017-06-02T08:48:44.997344Z","2018-01-10T12:25:21.014643Z",,,"2009-07-15T00:00:00Z",,,,"Mammenga Inc.",,"FRA","FRA",,"Mammenga Inc.","555-471-8661","http://mammengainc.example.com",,"contact@mammengainc.example.com","Mammenga Inc.","Mining, Quarrying, and Oil and Gas Extraction",,
5715,"organization",1,13258,1,0,"2018-01-15T08:35:54.050490Z","2018-03-18T02:33:20.774235Z",,,"2009-05-27T00:00:00Z",,,,"Connor LLC",,"GBR","GBR",,"Connor LLC","555-821-0832","http://connorllc.example.com",,"contact@connorllc.example.com","Connor LLC","Arts, Entertainment, and Recreation",,
5716,"organization",1,13276,1,0,"2017-09-15T21:00:29.538202Z","2018-02-23T05:18:29.525237Z",,,"1941-12-15T00:00:00Z",,,,"Ling Ltd.",,"GBR","GBR",,"Ling Ltd.","555-804-9689","http://lingltd.example.com",,"contact@lingltd.example.com","Ling Ltd.","Arts, Entertainment, and Recreation",,
5717,"organization",1,13278,1,0,"2017-06-09T20:55:09.430263Z","2017-04-02T02:11:25.454473Z",,,"1942-07-07T00:00:00Z",,,,"Mclemore Ltd.",,"GBR","GBR",,"Mclemore Ltd.","555-934-2270","http://mclemoreltd.example.com",,"contact@mclemoreltd.example.com","Mclemore Ltd.","Information",,
5718,"organization",1,13298,1,0,"2018-01-04T12:21:18.358224Z","2017-05-04T09:26:33.884656Z",,,"2002-07-04T00:00:00Z",,,,"Lam LLC",,"GBR","GBR",,"Lam LLC","555-034-6150","http://lamllc.example.com",,"contact@lamllc.example.com","Lam LLC","Other Services (except Public Administration)",,
5719,"organization",1,13317,1,0,"2018-03-21T14:12:18.515621Z","2017-10-12T00:14:31.856627Z",,,"1969-10-08T00:00:00Z",,,,"Hawthorne Corp.",,"DEU","DEU",,"Hawthorne Corp.","555-367-2155","http://hawthornecorp.example.com",,"contact@hawthornecorp.example.com","Hawthorne Corp.","Arts, Entertainment, and Recreation",,
5720,"organization",1,13318,1,0,"2017-07-01T05:34:19.696144Z","2018-03-01T07:56:10.982668Z",,,"1995-08-11T00:00:00Z",,,,"Bauer Ltd.",,"DEU","DEU",,"Bauer Ltd.","555-742-6638","http://bauerltd.example.com",,"contact@bauerltd.example.com","Bauer Ltd.","Health Care and Social Assistance",,
5721,"organization",1,13356,1,0,"2017-11-17T05:27:13.151686Z","2017-12-12T10:56:37.573874Z",,,"1985-04-08T00:00:00Z",,,,"Hathaway LLC",,"GBR","GBR",,"Hathaway LLC","555-439-8141","http://hathawayllc.example.com",,"contact@hathawayllc.example.com","Hathaway LLC","Information",,
5722,"organization",1,13394,1,0,"2017-12-24T05:38:09.680654Z","2017-10-01T15:31:27.545827Z",,,"1976-03-13T00:00:00Z",,,,"Reyes Ltd.",,"DEU","DEU",,"Reyes Ltd.","555-193-6505","http://reyesltd.example.com",,"contact@reyesltd.example.com","Reyes Ltd.","Mining, Quarrying, and Oil and Gas Extraction",,
5723,"organization",1,13520,1,0,"2018-03-06T09:51:08.261853Z","2018-03-02T06:11:59.825828Z",,,"2005-12-03T00:00:00Z",,,,"Blanco Inc.",,"GBR","GBR",,"Blanco Inc.","555-888-6466","http://blancoinc.example.com",,"contact@blancoinc.example.com","Blanco Inc.","Real Estate and Rental and Leasing",,
5724,"organization",1,13573,1,0,"2017-07-17T06:05:05.591181Z","2017-10-26T09:44:58.963353Z",,,"1983-04-04T00:00:00Z",,,,"Lor",,"GBR","GBR",,"Lor","555-026-0085","http://lor.example.com",,"contact@lor.example.com","Lor","Agriculture, Forestry, Fishing and Hunting",,
5725,"organization",1,13584,1,0,"2017-12-10T06:02:42.769506Z","2017-04-05T02:40:25.255859Z",,,"1999-11-03T00:00:00Z",,,,"Mckay Corp.",,"GBR","GBR",,"Mckay Corp.","555-912-5547","http://mckaycorp.example.com",,"contact@mckaycorp.example.com","Mckay Corp.","Information",,
5726,"organization",1,13670,1,0,"2018-02-07T18:53:29.450948Z","2017-10-24T19:49:05.781353Z",,,"1998-10-29T00:00:00Z",,,,"Haskell Inc.",,"GBR","GBR",,"Haskell Inc.","555-085-4718","http://haskellinc.example.com",,"contact@haskellinc.example.com","Haskell Inc.","Accommodation and Food Services",,
5727,"organization",1,13692,1,0,"2017-07-17T06:30:53.758040Z","2017-11-29T01:38:05.944015Z",,,"2011-04-08T00:00:00Z",,,,"Vance",,"GBR","GBR",,"Vance","555-941-2208","http://vance.example.com",,"contact@vance.example.com","Vance","Educational Services",,
5728,"organization",1,13741,1,0,"2017-12-19T19:55:21.807316Z","2017-12-09T22:17:08.465581Z",,,"1952-11-26T00:00:00Z",,,,"Diloreto LLC",,"GBR","GBR",,"Diloreto LLC","555-585-3077","http://diloretollc.example.com",,"contact@diloretollc.example.com","Diloreto LLC","Wholesale Trade",,
5729,"organization",1,13809,1,0,"2018-01-27T19:54:01.059735Z","2017-10-01T11:51:41.993769Z",,,"1963-04-14T00:00:00Z",,,,"Padilla Ltd.",,"GBR","GBR",,"Padilla Ltd.","555-491-4033","http://padillaltd.example.com",,"contact@padillaltd.example.com","Padilla Ltd.","Retail Trade",,
5730,"organization",1,13810,1,0,"2017-06-29T04:25:46.162632Z","2017-07-09T03:17:28.771861Z",,,"1954-11-28T00:00:00Z",,,,"Vue Ltd.",,"GBR","GBR",,"Vue Ltd.","555-122-3292","http://vueltd.example.com",,"contact@vueltd.example.com","Vue Ltd.","Administrative and Support and Waste Management and Remediation Services",,
5731,"organization",1,13819,1,0,"2017-11-14T05:08:13.979993Z","2018-03-17T21:59:35.830132Z",,,"2004-06-23T00:00:00Z",,,,"Vargas-Reyes Ltd.",,"GBR","GBR",,"Vargas-Reyes Ltd.","555-686-4380","http://vargasreyesltd.example.com",,"contact@vargasreyesltd.example.com","Vargas-Reyes Ltd.","Information",,
5732,"organization",1,13822,1,0,"2017-10-14T14:52:03.307675Z","2017-10-05T10:47:58.419578Z",,,"1994-09-03T00:00:00Z",,,,"Gries Corp.",,"FRA","FRA",,"Gries Corp.","555-259-4614","http://griescorp.example.com",,"contact@griescorp.example.com","Gries Corp.","Educational Services",,
5733,"organization",1,14000,1,0,"2017-07-16T06:39:59.233013Z","2017-10-25T12:44:25.270033Z",,,"2000-02-24T00:00:00Z",,,,"Hill LLC",,"GBR","GBR",,"Hill LLC","555-584-6568","http://hillllc.example.com",,"contact@hillllc.example.com","Hill LLC","Arts, Entertainment, and Recreation",,
5734,"organization",1,14001,1,0,"2018-03-30T03:57:29.125609Z","2017-05-02T14:18:38.983001Z",,,"1975-05-16T00:00:00Z",,,,"Prum",,"GBR","GBR",,"Prum","555-180-9565","http://prum.example.com",,"contact@prum.example.com","Prum","Educational Services",,
5735,"organization",1,14050,1,0,"2017-04-30T00:51:10.533898Z","2017-06-06T19:56:36.128860Z",,,"1942-05-24T00:00:00Z",,,,"Tan Ltd.",,"GBR","GBR",,"Tan Ltd.","555-337-5840","http://tanltd.example.com",,"contact@tanltd.example.com","Tan Ltd.","Arts, Entertainment, and Recreation",,
5736,"organization",1,14051,1,0,"2018-02-06T17:27:58.768095Z","2017-09-17T15:07:57.303144Z",,,"1968-01-21T00:00:00Z",,,,"Schamel Inc.",,"GBR","GBR",,"Schamel Inc.","555-998-0025","http://schamelinc.example.com",,"contact@schamelinc.example.com","Schamel Inc.","Retail Trade",,
5737,"organization",1,14092,1,0,"2017-10-29T20:03:57.781423Z","2017-09-20T15:50:54.087639Z",,,"1987-10-06T00:00:00Z",,,,"Khatter",,"FRA","FRA",,"Khatter","555-688-8298","http://khatter.example.com",,"contact@khatter.example.com","Khatter","Educational Services",,
5738,"organization",1,14093,1,0,"2018-02-21T15:30:12.003448Z","2017-09-16T00:35:16.957498Z",,,"2012-09-25T00:00:00Z",,,,"Fortune Ltd.",,"FRA","FRA",,"Fortune Ltd.","555-866-4206","http://fortuneltd.example.com",,"contact@fortuneltd.example.com","Fortune Ltd.","Construction",,
5739,"organization",1,14129,1,0,"2017-04-04T10:11:02.230351Z","2018-01-21T10:14:26.237936Z",,,"2011-02-02T00:00:00Z",,,,"Castillo LLC",,"FRA","FRA",,"Castillo LLC","555-250-9283","http://castillollc.example.com",,"contact@castillollc.example.com","Castillo LLC","Educational Services",,
5740,"organization",1,14224,1,0,"2018-01-08T14:12:40.619384Z","2017-05-29T07:21:40.998241Z",,,"1953-02-10T00:00:00Z",,,,"Mberwa LLC",,"GBR","GBR",,"Mberwa LLC","555-374-5743","http://mberwallc.example.com",,"contact@mberwallc.example.com","Mberwa LLC","Finance and Insurance",,
5741,"organization",1,14226,1,0,"2017-05-14T14:33:25.374652Z","2018-03-10T09:44:18.888093Z",,,"1990-07-19T00:00:00Z",,,,"Gallegos Inc.",,"GBR","GBR",,"Gallegos Inc.","555-075-8480","http://gallegosinc.example.com",,"contact@gallegosinc.example.com","Gallegos Inc.","Arts, Entertainment, and Recreation",,
5742,"organization",1,14336,1,0,"2018-03-04T20:21:11.850568Z","2018-03-01T08:22:41.890554Z",,,"1998-03-06T00:00:00Z",,,,"Curry Ltd.",,"GBR","GBR",,"Curry Ltd.","555-294-8843","http://curryltd.example.com",,"contact@curryltd.example.com","Curry Ltd.","Manufacturing",,
5743,"organization",1,14403,1,0,"2017-08-08T12:31:49.608793Z","2017-06-21T20:02:18.909781Z",,,"1995-03-09T00:00:00Z",,,,"Johnson",,"GBR","GBR",,"Johnson","555-665-6187","http://johnson.example.com",,"contact@johnson.example.com","Johnson","Arts, Entertainment, and Recreation",,
5744,"organization",1,14453,1,0,"2018-02-27T17:57:26.038413Z","2017-12-16T05:50:53.048632Z",,,"1978-08-05T00:00:00Z",,,,"Sahli",,"DEU","DEU",,"Sahli","555-692-4047","http://sahli.example.com",,"contact@sahli.example.com","Sahli","Manufacturing",,
5745,"organization",1,14570,1,0,"2017-12-09T21:14:10.120676Z","2017-08-20T07:17:11.010166Z",,,"1998-08-18T00:00:00Z",,,,"Russell",,"GBR","GBR",,"Russell","555-269-4786","http://russell.example.com",,"contact@russell.example.com","Russell","Mining, Quarrying, and Oil and Gas Extraction",,
5746,"organization",1,14583,1,0,"2017-06-05T21:39:31.908599Z","2017-05-24T15:27:06.291964Z",,,"1936-01-21T00:00:00Z",,,,"Zambrano",,"GBR","GBR",,"Zambrano","555-117-1319","http://zambrano.example.com",,"contact@zambrano.example.com","Zambrano","Manufacturing",,
5747,"organization",1,14645,1,0,"2017-06-13T02:08:59.528409Z","2017-06-13T13:45:33.970633Z",,,"1972-03-03T00:00:00Z",,,,"Brockman Ltd.",,"DEU","DEU",,"Brockman Ltd.","555-451-0948","http://brockmanltd.example.com",,"contact@brockmanltd.example.com","Brockman Ltd.","Manufacturing",,
5748,"organization",1,14819,1,0,"2017-09-30T20:14:07.845304Z","2018-01-12T13:53:09.844644Z",,,"1942-03-21T00:00:00Z",,,,"Morales-Filomeno LLC",,"FRA","FRA",,"Morales-Filomeno LLC","555-417-4217","http://moralesfilomenollc.example.com",,"contact@moralesfilomenollc.example.com","Morales-Filomeno LLC","Accommodation and Food Services",,
5749,"organization",1,14870,1,0,"2017-08-05T18:00:24.038494Z","2017-08-18T03:31:08.538970Z",,,"1964-02-01T00:00:00Z",,,,"Hayes Ltd.",,"GBR","GBR",,"Hayes Ltd.","555-639-4971","http://hayesltd.example.com",,"contact@hayesltd.example.com","Hayes Ltd.","Educational Services",,
5750,"organization",1,14873,1,0,"2017-04-12T08:12:51.154672Z","2018-01-11T09:40:10.224143Z",,,"1965-04-07T00:00:00Z",,,,"Walton Ltd.",,"GBR","GBR",,"Walton Ltd.","555-980-0832","http://waltonltd.example.com",,"contact@waltonltd.example.com","Walton Ltd.","Agriculture, Forestry, Fishing and Hunting",,
5751,"organization",1,15022,1,0,"2018-03-13T04:43:49.386288Z","2017-04-18T08:22:19.014879Z",,,"1978-05-19T00:00:00Z",,,,"Greiner",,"DEU","DEU",,"Greiner","555-726-5609","http://greiner.example.com",,"contact@greiner.example.com","Greiner","Management of Companies and Enterprises",,
5752,"organization",1,15167,1,0,"2017-06-20T16:15:54.488111Z","2017-08-31T20:56:36.637675Z",,,"2000-12-10T00:00:00Z",,,,"Griego Inc.",,"DEU","DEU",,"Griego Inc.","555-098-8030","http://griegoinc.example.com",,"contact@griegoinc.example.com","Griego Inc.","Construction",,
5753,"organization",1,15192,1,0,"2017-11-19T21:33:35.749598Z","2018-03-22T14:11:44.285431Z",,,"1969-03-21T00:00:00Z",,,,"Tiffany",,"DEU","DEU",,"Tiffany","555-294-4768","http://tiffany.example.com",,"contact@tiffany.example.com","Tiffany","Agriculture, Forestry, Fishing and Hunting",,
5754,"organization",1,15247,1,0,"2017-05-16T14:16:47.587990Z","2018-03-29T12:08:05.785094Z",,,"1993-06-24T00:00:00Z",,,,"Erickson",,"GBR","GBR",,"Erickson","555-939-7499","http://erickson.example.com",,"contact@erickson.example.com","Erickson","Finance and Insurance",,
5755,"organization",1,15267,1,0,"2017-08-06T08:03:46.617855Z","2017-11-12T17:18:12.750192Z",,,"1999-09-15T00:00:00Z",,,,"Groover Corp.",,"GBR","GBR",,"Groover Corp.","555-626-5835","http://groovercorp.example.com",,"contact@groovercorp.example.com","Groover Corp.","Real Estate and Rental and Leasing",,
5756,"organization",1,15314,1,0,"2018-03-28T04:06:22.223502Z","2017-09-16T04:22:05.746045Z",,,"1958-07-28T00:00:00Z",,,,"Parker LLC",,"GBR","GBR",,"Parker LLC","555-296-0462","http://parkerllc.example.com",,"contact@parkerllc.example.com","Parker LLC","Construction",,
5757,"organization",1,15321,1,0,"2017-07-13T05:01:47.642761Z","2017-12-08T05:22:33.993032Z",,,"1961-11-06T00:00:00Z",,,,"Pacheco Inc.",,"GBR","GBR",,"Pacheco Inc.","555-690-1609","http://pachecoinc.example.com",,"contact@pachecoinc.example.com","Pacheco Inc.","Arts, Entertainment, and Recreation",,
5758,"organization",1,15335,1,0,"2017-08-01T02:35:57.306236Z","2018-01-22T02:04:55.040980Z",,,"1943-05-22T00:00:00Z",,,,"Prim",,"DEU","DEU",,"Prim","555-980-5725","http://prim.example.com",,"contact@prim.example.com","Prim","Utilities",,
5759,"organization",1,15394,1,0,"2017-11-28T17:23:04.408075Z","2017-12-03T01:13:48.532729Z",,,"1994-08-27T00:00:00Z",,,,"Gustafson LLC",,"GBR","GBR",,"Gustafson LLC","555-409-2987","http://gustafsonllc.example.com",,"contact@gustafsonllc.example.com","Gustafson LLC","Accommodation and Food Services",,
5760,"organization",1,15489,1,0,"2017-08-03T15:03:53.771172Z","2018-01-22T17:29:27.175823Z",,,"1987-08-25T00:00:00Z",,,,"Boyer",,"DEU","DEU",,"Boyer","555-565-5025","http://boyer.example.com",,"contact@boyer.example.com","Boyer","Information",,
5761,"organization",1,15503,1,0,"2017-11-28T12:54:08.795173Z","2017-08-30T05:49:36.426396Z",,,"1977-12-31T00:00:00Z",,,,"Meier",,"GBR","GBR",,"Meier","555-274-8348","http://meier.example.com",,"contact@meier.example.com","Meier","Information",,
5762,"organization",1,15508,1,0,"2017-08-15T10:54:14.974607Z","2017-06-08T11:32:22.815506Z",,,"1959-01-01T00:00:00Z",,,,"Alfandi LLC",,"GBR","GBR",,"Alfandi LLC","555-839-7430","http://alfandillc.example.com",,"contact@alfandillc.example.com","Alfandi LLC","Finance and Insurance",,
5763,"organization",1,15552,1,0,"2017-07-22T05:35:04.232857Z","2018-03-01T00:38:12.309594Z",,,"1980-02-28T00:00:00Z",,,,"Bixler Corp.",,"DEU","DEU",,"Bixler Corp.","555-965-1285","http://bixlercorp.example.com",,"contact@bixlercorp.example.com","Bixler Corp.","Health Care and Social Assistance",,
5764,"organization",1,15561,1,0,"2017-07-20T08:19:51.926238Z","2017-08-25T16:57:28.666012Z",,,"1947-01-25T00:00:00Z",,,,"Chan Corp.",,"GBR","GBR",,"Chan Corp.","555-404-6300","http://chancorp.example.com",,"contact@chancorp.example.com","Chan Corp.","Administrative and Support and Waste Management and Remediation Services",,
5765,"organization",1,15636,1,0,"2017-06-04T18:54:49.619976Z","2017-12-18T22:28:06.141917Z",,,"1960-05-17T00:00:00Z",,,,"O'Connor",,"FRA","FRA",,"O'Connor","555-902-9699","http://oconnor.example.com",,"contact@oconnor.example.com","O'Connor","Public Administration",,
5766,"organization",1,15645,1,0,"2017-12-22T11:45:46.829009Z","2018-03-19T05:12:16.433637Z",,,"1984-12-16T00:00:00Z",,,,"White Inc.",,"DEU","DEU",,"White Inc.","555-228-4139","http://whiteinc.example.com",,"contact@whiteinc.example.com","White Inc.","Finance and Insurance",,
5767,"organization",1,15705,1,0,"2017-10-05T13:37:35.514407Z","2017-12-09T11:17:27.916317Z",,,"1939-03-25T00:00:00Z",,,,"Roberts Inc.",,"GBR","GBR",,"Roberts Inc.","555-897-8850","http://robertsinc.example.com",,"contact@robertsinc.example.com","Roberts Inc.","Information",,
5768,"organization",1,15706,1,0,"2017-04-20T03:51:32.456853Z","2017-07-28T05:54:22.778896Z",,,"1942-10-03T00:00:00Z",,,,"Hannebaum Inc.",,"DEU","DEU",,"Hannebaum Inc.","555-060-1963","http://hannebauminc.example.com",,"contact@hannebauminc.example.com","Hannebaum Inc.","Other Services (except Public Administration)",,
5769,"organization",1,15713,1,0,"2017-04-17T17:41:19.882076Z","2018-03-23T11:15:04.937491Z",,,"1983-03-31T00:00:00Z",,,,"Davis",,"GBR","GBR",,"Davis","555-702-1069","http://davis.example.com",,"contact@davis.example.com","Davis","Public Administration",,
5770,"organization",1,15789,1,0,"2018-02-09T13:53:34.062175Z","2017-09-25T07:54:29.862959Z",,,"1967-10-29T00:00:00Z",,,,"Do Ltd.",,"DEU","DEU",,"Do Ltd.","555-134-7801","http://doltd.example.com",,"contact@doltd.example.com","Do Ltd.","Management of Companies and Enterprises",,
5771,"organization",1,15858,1,0,"2017-07-02T06:31:12.448906Z","2017-12-20T09:43:35.585169Z",,,"1954-03-04T00:00:00Z",,,,"Hicks LLC",,"GBR","GBR",,"Hicks LLC","555-075-8102","http://hicksllc.example.com",,"contact@hicksllc.example.com","Hicks LLC","Finance and Insurance",,
5772,"organization",1,15963,1,0,"2017-12-04T18:24:16.210005Z","2017-05-16T13:13:16.226245Z",,,"1971-08-10T00:00:00Z",,,,"Kromah Corp.",,"GBR","GBR",,"Kromah Corp.","555-895-8080","http://kromahcorp.example.com",,"contact@kromahcorp.example.com","Kromah Corp.","Administrative and Support and Waste Management and Remediation Services",,
5773,"organization",1,15977,1,0,"2018-02-01T02:02:02.363180Z","2017-07-03T16:33:58.990295Z",,,"1975-09-20T00:00:00Z",,,,"Smith Corp.",,"FRA","FRA",,"Smith Corp.","555-904-3188","http://smithcorp.example.com",,"contact@smithcorp.example.com","Smith Corp.","Management of Companies and Enterprises",,
5774,"organization",1,15988,1,0,"2017-06-19T05:12:59.906908Z","2017-11-15T21:19:27.261583Z",,,"1982-01-18T00:00:00Z",,,,"Barraza Corp.",,"DEU","DEU",,"Barraza Corp.","555-397-9293","http://barrazacorp.example.com",,"contact@barrazacorp.example.com","Barraza Corp.","Mining, Quarrying, and Oil and Gas Extraction",,
5775,"organization",1,16098,1,0,"2018-01-29T17:35:33.832455Z","2017-08-25T22:36:36.624282Z",,,"2005-07-15T00:00:00Z",,,,"Clymer Inc.",,"GBR","GBR",,"Clymer Inc.","555-723-7837","http://clymerinc.example.com",,"contact@clymerinc.example.com","Clymer Inc.","Information",,
5776,"organization",1,16113,1,0,"2017-08-19T12:12:43.364759Z","2018-01-15T17:31:43.892362Z",,,"1945-11-24T00:00:00Z",,,,"Simpson Corp.",,"GBR","GBR",,"Simpson Corp.","555-006-4288","http://simpsoncorp.example.com",,"contact@simpsoncorp.example.com","Simpson Corp.","Educational Services",,
5777,"organization",1,16123,1,0,"2018-03-26T23:08:49.644897Z","2017-10-20T00:20:46.335787Z",,,"1961-05-27T00:00:00Z",,,,"Dorado Corp.",,"GBR","GBR",,"Dorado Corp.","555-697-5545","http://doradocorp.example.com",,"contact@doradocorp.example.com","Dorado Corp.","Manufacturing",,
5778,"organization",1,16146,1,0,"2017-06-13T07:30:19.319791Z","2017-08-07T03:50:21.256032Z",,,"2007-05-03T00:00:00Z",,,,"Covert",,"GBR","GBR",,"Covert","555-529-4437","http://covert.example.com",,"contact@covert.example.com","Covert","Finance and Insurance",,
5779,"organization",1,16178,1,0,"2017-08-12T07:00:40.604755Z","2018-03-04T21:02:32.660769Z",,,"1997-05-05T00:00:00Z",,,,"Gurule LLC",,"GBR","GBR",,"Gurule LLC","555-651-0287","http://gurulellc.example.com",,"contact@gurulellc.example.com","Gurule LLC","Educational Services",,
5780,"organization",1,16309,1,0,"2017-04-24T00:20:19.966909Z","2017-11-15T07:19:15.153286Z",,,"1950-01-16T00:00:00Z",,,,"Wooden Corp.",,"GBR","GBR",,"Wooden Corp.","555-538-4441","http://woodencorp.example.com",,"contact@woodencorp.example.com","Wooden Corp.","Administrative and Support and Waste Management and Remediation Services",,
5781,"organization",1,16324,1,0,"2017-12-19T12:53:36.153467Z","2018-03-03T03:56:45.381328Z",,,"2014-02-18T00:00:00Z",,,,"Arispe Corp.",,"GBR","GBR",,"Arispe Corp.","555-221-8417","http://arispecorp.example.com",,"contact@arispecorp.example.com","Arispe Corp.","Educational Services",,
5782,"organization",1,16364,1,0,"2017-04-08T14:52:53.048383Z","2017-05-21T19:30:18.974349Z",,,"1963-08-10T00:00:00Z",,,,"Escalante",,"FRA","FRA",,"Escalante","555-658-4104","http://escalante.example.com",,"contact@escalante.example.com","Escalante","Arts, Entertainment, and Recreation",,
5783,"organization",1,16444,1,0,"2017-08-31T23:35:05.597323Z","2018-01-26T01:46:42.103677Z",,,"2002-12-19T00:00:00Z",,,,"Minor",,"DEU","DEU",,"Minor","555-355-3323","http://minor.example.com",,"contact@minor.example.com","Minor","Manufacturing",,
5784,"organization",1,16474,1,0,"2018-01-27T11:14:00.292740Z","2017-06-16T20:44:42.557541Z",,,"1941-08-09T00:00:00Z",,,,"Ji Inc.",,"GBR","GBR",,"Ji Inc.","555-401-1863","http://jiinc.example.com",,"contact@jiinc.example.com","Ji Inc.","Information",,
5785,"organization",1,16586,1,0,"2017-11-21T21:16:56.051781Z","2017-09-02T11:25:17.605743Z",,,"1964-07-05T00:00:00Z",,,,"Nuszer",,"FRA","FRA",,"Nuszer","555-373-8226","http://nuszer.example.com",,"contact@nuszer.example.com","Nuszer","Administrative and Support and Waste Management and Remediation Services",,
5786,"organization",1,16602,1,0,"2018-02-12T15:21:18.017610Z","2017-10-20T18:01:21.611466Z",,,"1977-08-19T00:00:00Z",,,,"Ahmad Ltd.",,"DEU","DEU",,"Ahmad Ltd.","555-030-6327","http://ahmadltd.example.com",,"contact@ahmadltd.example.com","Ahmad Ltd.","Other Services (except Public Administration)",,
5787,"organization",1,16611,1,0,"2017-10-30T14:58:35.194988Z","2017-05-10T13:26:45.993488Z",,,"1971-01-25T00:00:00Z",,,,"Polvon Ltd.",,"DEU","DEU",,"Polvon Ltd.","555-889-9379","http://polvonltd.example.com",,"contact@polvonltd.example.com","Polvon Ltd.","Accommodation and Food Services",,
5788,"organization",1,16665,1,0,"2017-11-26T15:01:23.318076Z","2018-01-26T22:14:33.510075Z",,,"2000-01-03T00:00:00Z",,,,"Robles Ltd.",,"GBR","GBR",,"Robles Ltd.","555-738-9590","http://roblesltd.example.com",,"contact@roblesltd.example.com","Robles Ltd.","Health Care and Social Assistance",,
5789,"organization",1,16730,1,0,"2017-11-20T04:12:15.062304Z","2017-09-17T08:37:45.830290Z",,,"1947-03-18T00:00:00Z",,,,"Koh Ltd.",,"GBR","GBR",,"Koh Ltd.","555-421-6309","http://kohltd.example.com",,"contact@kohltd.example.com","Koh Ltd.","Retail Trade",,
5790,"organization",1,16784,1,0,"2017-11-01T02:35:23.017466Z","2017-05-18T22:31:23.324030Z",,,"2010-11-30T00:00:00Z",,,,"Thao Inc.",,"GBR","GBR",,"Thao Inc.","555-599-7433","http://thaoinc.example.com",,"contact@thaoinc.example.com","Thao Inc.","Management of Companies and Enterprises",,
5791,"organization",1,16806,1,0,"2018-02-24T01:49:13.506678Z","2017-05-10T18:42:54.742663Z",,,"1982-09-06T00:00:00Z",,,,"Rivera Hernandez Inc.",,"GBR","GBR",,"Rivera Hernandez Inc.","555-521-8179","http://riverahernandezinc.example.com",,"contact@riverahernandezinc.example.com","Rivera Hernandez Inc.","Wholesale Trade",,
5792,"organization",1,16833,1,0,"2017-09-24T06:37:40.163722Z","2017-10-27T11:44:08.608741Z",,,"1939-01-13T00:00:00Z",,,,"Rhodes Inc.",,"GBR","GBR",,"Rhodes Inc.","555-177-8588","http://rhodesinc.example.com",,"contact@rhodesinc.example.com","Rhodes Inc.","Wholesale Trade",,
5793,"organization",1,16842,1,0,"2017-10-08T16:21:39.884507Z","2018-01-25T22:58:53.571205Z",,,"1994-12-22T00:00:00Z",,,,"Patterson Ltd.",,"GBR","GBR",,"Patterson Ltd.","555-241-1506","http://pattersonltd.example.com",,"contact@pattersonltd.example.com","Patterson Ltd.","Mining, Quarrying, and Oil and Gas Extraction",,
5794,"organization",1,16861,1,0,"2018-02-07T11:54:05.530066Z","2017-11-06T08:51:42.841482Z",,,"1936-08-20T00:00:00Z",,,,"Townsend",,"GBR","GBR",,"Townsend","555-167-8047","http://townsend.example.com",,"contact@townsend.example.com","Townsend","Retail Trade",,
5795,"organization",1,16984,1,0,"2017-12-06T23:38:18.190284Z","2017-11-25T06:47:08.921771Z",,,"1961-05-06T00:00:00Z",,,,"Thomas LLC",,"GBR","GBR",,"Thomas LLC","555-851-0643","http://thomasllc.example.com",,"contact@thomasllc.example.com","Thomas LLC","Transportation and Warehousing",,
5796,"organization",1,16986,1,0,"2017-12-02T21:07:43.393262Z","2018-02-09T03:33:26.287971Z",,,"1966-08-06T00:00:00Z",,,,"Rodriguez-Sierra Ltd.",,"DEU","DEU",,"Rodriguez-Sierra Ltd.","555-149-1905","http://rodriguezsierraltd.example.com",,"contact@rodriguezsierraltd.example.com","Rodriguez-Sierra Ltd.","Health Care and Social Assistance",,
5797,"organization",1,17018,1,0,"2017-08-04T20:13:12.224765Z","2017-04-27T18:52:55.065860Z",,,"1974-07-08T00:00:00Z",,,,"Mendez LLC",,"GBR","GBR",,"Mendez LLC","555-689-3453","http://mendezllc.example.com",,"contact@mendezllc.example.com","Mendez LLC","Management of Companies and Enterprises",,
5798,"organization",1,17029,1,0,"2017-06-22T23:50:18.149605Z","2017-08-06T10:41:04.769599Z",,,"1998-02-25T00:00:00Z",,,,"Nevarez Inc.",,"GBR","GBR",,"Nevarez Inc.","555-771-9410","http://nevarezinc.example.com",,"contact@nevarezinc.example.com","Nevarez Inc.","Other Services (except Public Administration)",,
5799,"organization",1,17080,1,0,"2018-01-18T19:58:30.278633Z","2017-07-16T06:20:36.826444Z",,,"1967-04-21T00:00:00Z",,,,"Elgin Ltd.",,"DEU","DEU",,"Elgin Ltd.","555-680-6321","http://elginltd.example.com",,"contact@elginltd.example.com","Elgin Ltd.","Other Services (except Public Administration)",,
5800,"organization",1,17094,1,0,"2017-04-24T04:32:06.024100Z","2017-09-27T20:45:01.856250Z",,,"2005-02-17T00:00:00Z",,,,"Quezada Corp.",,"GBR","GBR",,"Quezada Corp.","555-865-5370","http://quezadacorp.example.com",,"contact@quezadacorp.example.com","Quezada Corp.","Accommodation and Food Services",,
5801,"organization",1,17160,1,0,"2018-03-21T06:45:28.900427Z","2017-10-08T01:50:23.910079Z",,,"2008-05-04T00:00:00Z",,,,"Calabrese Ltd.",,"GBR","GBR",,"Calabrese Ltd.","555-159-9069","http://calabreseltd.example.com",,"contact@calabreseltd.example.com","Calabrese Ltd.","Public Administration",,
5802,"organization",1,17181,1,0,"2017-06-03T01:23:14.700891Z","2017-04-28T04:37:12.125035Z",,,"1988-05-01T00:00:00Z",,,,"Brown LLC",,"GBR","GBR",,"Brown LLC","555-541-4544","http://brownllc.example.com",,"contact@brownllc.example.com","Brown LLC","Finance and Insurance",,
5803,"organization",1,17183,1,0,"2018-03-16T23:35:40.103915Z","2017-04-20T21:45:27.671465Z",,,"1974-06-14T00:00:00Z",,,,"Lopez LLC",,"GBR","GBR",,"Lopez LLC","555-600-7816","http://lopezllc.example.com",,"contact@lopezllc.example.com","Lopez LLC","Mining, Quarrying, and Oil and Gas Extraction",,
5804,"organization",1,17203,1,0,"2017-10-10T08:17:11.845674Z","2017-08-06T14:11:13.087129Z",,,"1997-12-27T00:00:00Z",,,,"Guerra Martinez Ltd.",,"GBR","GBR",,"Guerra Martinez Ltd.","555-007-4053","http://guerramartinezltd.example.com",,"contact@guerramartinezltd.example.com","Guerra Martinez Ltd.","Manufacturing",,
5805,"organization",1,17259,1,0,"2017-06-20T09:57:43.740134Z","2018-03-10T18:16:44.221871Z",,,"2007-12-24T00:00:00Z",,,,"Arou Corp.",,"GBR","GBR",,"Arou Corp.","555-353-2786","http://aroucorp.example.com",,"contact@aroucorp.example.com","Arou Corp.","Management of Companies and Enterprises",,
5806,"organization",1,17348,1,0,"2017-12-25T01:45:10.752735Z","2018-01-26T21:11:12.099513Z",,,"1999-12-04T00:00:00Z",,,,"Gonzales Ltd.",,"GBR","GBR",,"Gonzales Ltd.","555-253-9288","http://gonzalesltd.example.com",,"contact@gonzalesltd.example.com","Gonzales Ltd.","Transportation and Warehousing",,
5807,"organization",1,17356,1,0,"2017-09-17T16:41:20.346501Z","2017-05-17T03:10:38.959399Z",,,"1976-01-04T00:00:00Z",,,,"Siregar LLC",,"FRA","FRA",,"Siregar LLC","555-176-0279","http://siregarllc.example.com",,"contact@siregarllc.example.com","Siregar LLC","Wholesale Trade",,
5808,"organization",1,17377,1,0,"2018-02-28T09:42:09.647434Z","2018-02-05T16:51:01.336228Z",,,"1970-09-27T00:00:00Z",,,,"Grandberry Ltd.",,"GBR","GBR",,"Grandberry Ltd.","555-220-3368","http://grandberryltd.example.com",,"contact@grandberryltd.example.com","Grandberry Ltd.","Health Care and Social Assistance",,
5809,"organization",1,17387,1,0,"2017-07-23T10:20:14.214483Z","2017-11-20T21:36:04.719298Z",,,"2015-03-08T00:00:00Z",,,,"Owens Corp.",,"GBR","GBR",,"Owens Corp.","555-669-0836","http://owenscorp.example.com",,"contact@owenscorp.example.com","Owens Corp.","Real Estate and Rental and Leasing",,
5810,"organization",1,17416,1,0,"2017-12-12T10:40:55.674979Z","2018-02-05T22:15:54.122472Z",,,"1951-10-03T00:00:00Z",,,,"Eubanks Ltd.",,"GBR","GBR",,"Eubanks Ltd.","555-010-9321","http://eubanksltd.example.com",,"contact@eubanksltd.example.com","Eubanks Ltd.","Other Services (except Public Administration)",,
5811,"organization",1,17450,1,0,"2017-06-14T15:05:21.568322Z","2017-12-11T21:12:21.394248Z",,,"1973-06-09T00:00:00Z",,,,"White",,"GBR","GBR",,"White","555-301-9620","http://white.example.com",,"contact@white.example.com","White","Accommodation and Food Services",,
5812,"organization",1,17459,1,0,"2017-04-06T06:25:21.486175Z","2017-05-14T05:58:53.025992Z",,,"1956-02-21T00:00:00Z",,,,"Kimoto Ltd.",,"GBR","GBR",,"Kimoto Ltd.","555-304-0840","http://kimotoltd.example.com",,"contact@kimotoltd.example.com","Kimoto Ltd.","Mining, Quarrying, and Oil and Gas Extraction",,
5813,"organization",1,17581,1,0,"2018-02-06T16:06:49.974146Z","2017-11-26T13:42:55.412571Z",,,"2014-06-29T00:00:00Z",,,,"Munoz LLC",,"DEU","DEU",,"Munoz LLC","555-142-2917","http://munozllc.example.com",,"contact@munozllc.example.com","Munoz LLC","Utilities",,
5814,"organization",1,17676,1,0,"2017-09-27T06:53:55.269034Z","2018-01-13T22:34:11.829332Z",,,"1974-05-04T00:00:00Z",,,,"Alphonse",,"DEU","DEU",,"Alphonse","555-606-9386","http://alphonse.example.com",,"contact@alphonse.example.com","Alphonse","Mining, Quarrying, and Oil and Gas Extraction",,
5815,"organization",1,17694,1,0,"2017-07-17T20:11:02.110001Z","2018-02-28T09:32:12.415348Z",,,"1938-07-26T00:00:00Z",,,,"Mike IV Corp.",,"DEU","DEU",,"Mike IV Corp.","555-569-3880","http://mikeivcorp.example.com",,"contact@mikeivcorp.example.com","Mike IV Corp.","Construction",,
5816,"organization",1,17703,1,0,"2017-07-10T03:33:30.201850Z","2018-03-10T00:16:42.966276Z",,,"2002-03-01T00:00:00Z",,,,"Bean Ltd.",,"GBR","GBR",,"Bean Ltd.","555-835-9048","http://beanltd.example.com",,"contact@beanltd.example.com","Bean Ltd.","Health Care and Social Assistance",,
5817,"organization",1,17705,1,0,"2017-12-12T09:43:24.547530Z","2017-08-16T20:34:32.116515Z",,,"1949-02-12T00:00:00Z",,,,"Gutierrez",,"GBR","GBR",,"Gutierrez","555-355-5213","http://gutierrez.example.com",,"contact@gutierrez.example.com","Gutierrez","Administrative and Support and Waste Management and Remediation Services",,
5818,"organization",1,17827,1,0,"2017-09-27T13:02:12.973355Z","2017-05-22T10:49:24.411628Z",,,"1958-07-16T00:00:00Z",,,,"Defield LLC",,"FRA","FRA",,"Defield LLC","555-407-1628","http://defieldllc.example.com",,"contact@defieldllc.example.com","Defield LLC","Manufacturing",,
5819,"organization",1,17901,1,0,"2017-08-29T19:31:50.985598Z","2017-07-23T20:03:14.417426Z",,,"1956-08-09T00:00:00Z",,,,"Mejia Corp.",,"DEU","DEU",,"Mejia Corp.","555-539-9683","http://mejiacorp.example.com",,"contact@mejiacorp.example.com","Mejia Corp.","Other Services (except Public Administration)",,
5820,"organization",1,17942,1,0,"2017-09-20T05:07:46.489255Z","2017-10-04T00:23:36.532892Z",,,"1978-08-22T00:00:00Z",,,,"Reece Corp.",,"DEU","DEU",,"Reece Corp.","555-020-2440","http://reececorp.example.com",,"contact@reececorp.example.com","Reece Corp.","Utilities",,
5821,"organization",1,17972,1,0,"2017-05-26T11:21:00.988426Z","2017-08-21T03:36:23.827382Z",,,"1976-05-23T00:00:00Z",,,,"Scott LLC",,"GBR","GBR",,"Scott LLC","555-760-5266","http://scottllc.example.com",,"contact@scottllc.example.com","Scott LLC","Accommodation and Food Services",,
5822,"organization",1,17995,1,0,"2017-11-01T01:54:15.783051Z","2017-08-11T22:35:48.119375Z",,,"1996-07-25T00:00:00Z",,,,"Harrison Inc.",,"GBR","GBR",,"Harrison Inc.","555-670-0145","http://harrisoninc.example.com",,"contact@harrisoninc.example.com","Harrison Inc.","Public Administration",,
5823,"organization",1,18030,1,0,"2017-09-29T20:19:11.196787Z","2018-01-31T21:30:02.400765Z",,,"1965-12-09T00:00:00Z",,,,"Wilson LLC",,"GBR","GBR",,"Wilson LLC","555-795-3087","http://wilsonllc.example.com",,"contact@wilsonllc.example.com","Wilson LLC","Agriculture, Forestry, Fishing and Hunting",,
5824,"organization",1,18096,1,0,"2017-12-06T17:20:44.610965Z","2017-10-29T22:54:34.400291Z",,,"1977-12-06T00:00:00Z",,,,"Diaz Ltd.",,"DEU","DEU",,"Diaz Ltd.","555-278-9905","http://diazltd.example.com",,"contact@diazltd.example.com","Diaz Ltd.","Wholesale Trade",,
5825,"organization",1,18171,1,0,"2017-07-27T09:35:46.676347Z","2018-02-17T06:22:05.823909Z",,,"1952-08-04T00:00:00Z",,,,"Kimble Ltd.",,"GBR","GBR",,"Kimble Ltd.","555-022-7907","http://kimbleltd.example.com",,"contact@kimbleltd.example.com","Kimble Ltd.","Educational Services",,
5826,"organization",1,18183,1,0,"2018-03-25T01:05:22.444627Z","2018-03-22T16:53:05.622418Z",,,"1962-06-05T00:00:00Z",,,,"Chen Inc.",,"GBR","GBR",,"Chen Inc.","555-757-7270","http://cheninc.example.com",,"contact@cheninc.example.com","Chen Inc.","Construction",,
5827,"organization",1,18246,1,0,"2017-09-22T01:36:12.240025Z","2017-05-23T09:47:35.734500Z",,,"1972-03-17T00:00:00Z",,,,"Rader LLC",,"GBR","GBR",,"Rader LLC","555-293-7240","http://raderllc.example.com",,"contact@raderllc.example.com","Rader LLC","Public Administration",,
5828,"organization",1,18274,1,0,"2017-10-20T09:37:49.533697Z","2017-08-03T10:51:13.835537Z",,,"1970-11-30T00:00:00Z",,,,"Verdos Ltd.",,"GBR","GBR",,"Verdos Ltd.","555-816-5781","http://verdosltd.example.com",,"contact@verdosltd.example.com","Verdos Ltd.","Manufacturing",,
5829,"organization",1,18276,1,0,"2017-06-02T05:52:28.844692Z","2017-06-29T08:23:49.581356Z",,,"1960-04-03T00:00:00Z",,,,"Lynn Ltd.",,"DEU","DEU",,"Lynn Ltd.","555-785-9508","http://lynnltd.example.com",,"contact@lynnltd.example.com","Lynn Ltd.","Retail Trade",,
5830,"organization",1,69289,1,0,"2018-01-16T06:49:01.888046Z","2017-12-10T12:53:55.604256Z",,,"1981-01-23T00:00:00Z",,,,"Hug Inc.",,"GBR","GBR",,"Hug Inc.","555-888-7914","http://huginc.example.com",,"contact@huginc.example.com","Hug Inc.","Administrative and Support and Waste Management and Remediation Services",,
5831,"organization",1,69385,1,0,"2017-04-05T12:26:00.957938Z","2017-04-12T12:18:08.405442Z",,,"1976-12-26T00:00:00Z",,,,"Cooper Ltd.",,"GBR","GBR",,"Cooper Ltd.","555-856-3461","http://cooperltd.example.com",,"contact@cooperltd.example.com","Cooper Ltd.","Health Care and Social Assistance",,
5832,"organization",1,69391,1,0,"2017-12-02T02:56:15.125259Z","2018-02-08T01:10:32.254091Z",,,"1996-08-10T00:00:00Z",,,,"Hochmuth",,"GBR","GBR",,"Hochmuth","555-296-6412","http://hochmuth.example.com",,"contact@hochmuth.example.com","Hochmuth","Finance and Insurance",,
5833,"organization",1,69453,1,0,"2017-07-10T15:53:29.569475Z","2018-03-25T18:49:47.359053Z",,,"1958-04-02T00:00:00Z",,,,"Gonzalez Cervantes LLC",,"GBR","GBR",,"Gonzalez Cervantes LLC","555-718-7176","http://gonzalezcervantesllc.example.com",,"contact@gonzalezcervantesllc.example.com","Gonzalez Cervantes LLC","Construction",,
5834,"organization",1,69510,1,0,"2017-07-24T13:56:22.680613Z","2017-05-15T11:56:46.773529Z",,,"2000-09-30T00:00:00Z",,,,"Mutagamba Inc.",,"GBR","GBR",,"Mutagamba Inc.","555-675-5484","http://mutagambainc.example.com",,"contact@mutagambainc.example.com","Mutagamba Inc.","Retail Trade",,
5835,"organization",1,69544,1,0,"2017-09-29T18:10:53.498930Z","2017-11-07T12:23:11.158739Z",,,"1940-02-07T00:00:00Z",,,,"Montoya Inc.",,"GBR","GBR",,"Montoya Inc.","555-943-0157","http://montoyainc.example.com",,"contact@montoyainc.example.com","Montoya Inc.","Health Care and Social Assistance",,
5836,"organization",1,69556,1,0,"2017-11-06T11:33:00.502608Z","2017-07-12T02:58:41.665925Z",,,"2013-02-03T00:00:00Z",,,,"Moore LLC",,"GBR","GBR",,"Moore LLC","555-171-0287","http://moorellc.example.com",,"contact@moorellc.example.com","Moore LLC","Professional, Scientific, and Technical Services",,
5837,"organization",1,69577,1,0,"2018-03-03T00:57:31.022682Z","2018-01-19T13:48:41.375611Z",,,"1982-05-26T00:00:00Z",,,,"Kollander Ltd.",,"GBR","GBR",,"Kollander Ltd.","555-331-2940","http://kollanderltd.example.com",,"contact@kollanderltd.example.com","Kollander Ltd.","Transportation and Warehousing",,
5838,"organization",1,69601,1,0,"2017-04-23T05:57:39.243491Z","2017-12-10T02:50:02.086768Z",,,"1952-07-18T00:00:00Z",,,,"Robertson",,"GBR","GBR",,"Robertson","555-032-5171","http://robertson.example.com",,"contact@robertson.example.com","Robertson","Professional, Scientific, and Technical Services",,
5839,"organization",1,69613,1,0,"2017-09-23T00:59:28.146649Z","2017-08-13T02:00:11.486694Z",,,"1988-02-21T00:00:00Z",,,,"Harrelson",,"GBR","GBR",,"Harrelson","555-868-3059","http://harrelson.example.com",,"contact@harrelson.example.com","Harrelson","Construction",,
5840,"organization",1,69672,1,0,"2017-04-05T10:59:17.089564Z","2017-05-25T00:29:20.158709Z",,,"1999-05-02T00:00:00Z",,,,"Williamson Inc.",,"GBR","GBR",,"Williamson Inc.","555-481-8090","http://williamsoninc.example.com",,"contact@williamsoninc.example.com","Williamson Inc.","Educational Services",,
5841,"organization",1,69681,1,0,"2017-11-17T03:45:27.211118Z","2018-02-26T00:22:13.906746Z",,,"1940-03-04T00:00:00Z",,,,"Munguia Ltd.",,"GBR","GBR",,"Munguia Ltd.","555-338-6374","http://munguialtd.example.com",,"contact@munguialtd.example.com","Munguia Ltd.","Construction",,
5842,"organization",1,69768,1,0,"2017-09-23T19:57:27.761813Z","2017-06-06T05:48:37.039874Z",,,"1960-05-28T00:00:00Z",,,,"Rojanaphong Inc.",,"GBR","GBR",,"Rojanaphong Inc.","555-113-8643","http://rojanaphonginc.example.com",,"contact@rojanaphonginc.example.com","Rojanaphong Inc.","Accommodation and Food Services",,
5843,"organization",1,69776,1,0,"2018-03-26T21:29:34.107054Z","2017-04-02T20:50:27.339658Z",,,"1962-11-25T00:00:00Z",,,,"Garduno Ltd.",,"GBR","GBR",,"Garduno Ltd.","555-080-2678","http://gardunoltd.example.com",,"contact@gardunoltd.example.com","Garduno Ltd.","Retail Trade",,
5844,"organization",1,69780,1,0,"2018-02-26T07:22:59.406828Z","2017-08-15T08:23:33.002971Z",,,"1988-08-31T00:00:00Z",,,,"Phillips LLC",,"GBR","GBR",,"Phillips LLC","555-797-2713","http://phillipsllc.example.com",,"contact@phillipsllc.example.com","Phillips LLC","Manufacturing",,
5845,"organization",1,69841,1,0,"2017-04-22T05:23:32.922183Z","2018-03-03T18:16:07.821506Z",,,"1994-06-03T00:00:00Z",,,,"Pantoja Caldera LLC",,"GBR","GBR",,"Pantoja Caldera LLC","555-870-4098","http://pantojacalderallc.example.com",,"contact@pantojacalderallc.example.com","Pantoja Caldera LLC","Health Care and Social Assistance",,
5846,"organization",1,69845,1,0,"2017-07-18T21:58:36.146448Z","2017-11-12T04:38:53.597428Z",,,"1988-08-15T00:00:00Z",,,,"Nguyen Corp.",,"GBR","GBR",,"Nguyen Corp.","555-503-6126","http://nguyencorp.example.com",,"contact@nguyencorp.example.com","Nguyen Corp.","Wholesale Trade",,
5847,"organization",1,69914,1,0,"2018-01-08T22:34:29.179952Z","2017-10-17T12:23:56.182675Z",,,"1977-12-04T00:00:00Z",,,,"Foster Corp.",,"LTU","LTU",,"Foster Corp.","555-412-6105","http://fostercorp.example.com",,"contact@fostercorp.example.com","Foster Corp.","Health Care and Social Assistance",,
5848,"organization",1,70013,1,0,"2017-05-16T21:57:19.351049Z","2017-10-14T07:06:00.146052Z",,,"1961-09-28T00:00:00Z",,,,"Shields LLC",,"GBR","GBR",,"Shields LLC","555-892-7499","http://shieldsllc.example.com",,"contact@shieldsllc.example.com","Shields LLC","Manufacturing",,
5849,"organization",1,70092,1,0,"2017-12-11T21:16:17.132580Z","2017-07-23T10:45:49.193645Z",,,"1970-12-05T00:00:00Z",,,,"Koehler Inc.",,"DEU","DEU",,"Koehler Inc.","555-160-7086","http://koehlerinc.example.com",,"contact@koehlerinc.example.com","Koehler Inc.","Agriculture, Forestry, Fishing and Hunting",,
5850,"organization",1,70105,1,0,"2017-12-06T21:56:51.053717Z","2017-11-14T14:14:19.748116Z",,,"1993-10-24T00:00:00Z",,,,"Haynes Ltd.",,"GBR","GBR",,"Haynes Ltd.","555-159-3082","http://haynesltd.example.com",,"contact@haynesltd.example.com","Haynes Ltd.","Accommodation and Food Services",,
5851,"organization",1,70130,1,0,"2018-01-15T05:30:15.703583Z","2017-11-04T13:04:57.861859Z",,,"1993-12-11T00:00:00Z",,,,"Rojas Corp.",,"GBR","GBR",,"Rojas Corp.","555-860-7930","http://rojascorp.example.com",,"contact@rojascorp.example.com","Rojas Corp.","Other Services (except Public Administration)",,
5852,"organization",1,70141,1,0,"2017-11-05T14:32:51.485880Z","2017-06-24T23:11:17.304688Z",,,"1958-11-11T00:00:00Z",,,,"Jiminez Corp.",,"GBR","GBR",,"Jiminez Corp.","555-625-5584","http://jiminezcorp.example.com",,"contact@jiminezcorp.example.com","Jiminez Corp.","Accommodation and Food Services",,
5853,"organization",1,70166,1,0,"2017-11-06T18:10:42.180464Z","2017-12-09T00:27:20.281346Z",,,"1943-08-15T00:00:00Z",,,,"Dwyer Inc.",,"GBR","GBR",,"Dwyer Inc.","555-077-8842","http://dwyerinc.example.com",,"contact@dwyerinc.example.com","Dwyer Inc.","Retail Trade",,
5854,"organization",1,70172,1,0,"2017-04-26T02:22:35.501693Z","2017-11-15T14:16:34.256017Z",,,"1956-10-25T00:00:00Z",,,,"Ruedas Ltd.",,"NLD","NLD",,"Ruedas Ltd.","555-716-3298","http://ruedasltd.example.com",,"contact@ruedasltd.example.com","Ruedas Ltd.","Arts, Entertainment, and Recreation",,
5855,"organization",1,70204,1,0,"2017-08-08T23:21:53.663095Z","2017-04-16T03:28:36.958863Z",,,"1948-01-22T00:00:00Z",,,,"Morris Corp.",,"GBR","GBR",,"Morris Corp.","555-631-2147","http://morriscorp.example.com",,"contact@morriscorp.example.com","Morris Corp.","Accommodation and Food Services",,
5856,"organization",1,70253,1,0,"2017-07-02T15:22:59.830456Z","2017-08-30T10:45:43.462193Z",,,"1994-07-16T00:00:00Z",,,,"Demoney Inc.",,"GBR","GBR",,"Demoney Inc.","555-776-7208","http://demoneyinc.example.com",,"contact@demoneyinc.example.com","Demoney Inc.","Arts, Entertainment, and Recreation",,
5857,"organization",1,70295,1,0,"2017-11-12T14:10:32.184595Z","2017-10-09T19:58:26.866622Z",,,"1947-01-05T00:00:00Z",,,,"Hunter Corp.",,"GBR","GBR",,"Hunter Corp.","555-030-1447","http://huntercorp.example.com",,"contact@huntercorp.example.com","Hunter Corp.","Utilities",,
5858,"organization",1,70300,1,0,"2018-02-16T00:57:40.443351Z","2017-06-05T15:45:28.153458Z",,,"1999-03-25T00:00:00Z",,,,"Hartwig",,"GBR","GBR",,"Hartwig","555-530-4429","http://hartwig.example.com",,"contact@hartwig.example.com","Hartwig","Accommodation and Food Services",,
5859,"organization",1,70308,1,0,"2017-05-15T10:35:12.673259Z","2018-02-16T04:49:49.082989Z",,,"1949-05-29T00:00:00Z",,,,"Kraybill-Voth Corp.",,"GBR","GBR",,"Kraybill-Voth Corp.","555-246-7256","http://kraybillvothcorp.example.com",,"contact@kraybillvothcorp.example.com","Kraybill-Voth Corp.","Agriculture, Forestry, Fishing and Hunting",,
5860,"organization",1,70406,1,0,"2017-10-29T12:58:29.415847Z","2018-02-26T12:35:40.806735Z",,,"1971-09-28T00:00:00Z",,,,"Holmes LLC",,"GBR","GBR",,"Holmes LLC","555-597-2995","http://holmesllc.example.com",,"contact@holmesllc.example.com","Holmes LLC","Educational Services",,
5861,"organization",1,70438,1,0,"2017-07-14T00:56:20.640686Z","2017-11-04T20:43:01.287119Z",,,"2014-10-04T00:00:00Z",,,,"Muniz Montes Ltd.",,"GBR","GBR",,"Muniz Montes Ltd.","555-965-4687","http://munizmontesltd.example.com",,"contact@munizmontesltd.example.com","Muniz Montes Ltd.","Educational Services",,
5862,"organization",1,70465,1,0,"2017-06-07T12:20:13.718703Z","2017-07-15T08:52:45.310425Z",,,"1957-05-24T00:00:00Z",,,,"Baxter LLC",,"GBR","GBR",,"Baxter LLC","555-371-6339","http://baxterllc.example.com",,"contact@baxterllc.example.com","Baxter LLC","Administrative and Support and Waste Management and Remediation Services",,
5863,"organization",1,70484,1,0,"2018-01-10T01:16:00.916963Z","2017-10-03T22:06:24.319568Z",,,"1979-07-16T00:00:00Z",,,,"Johnson",,"GBR","GBR",,"Johnson","555-283-9726","http://johnson.example.com",,"contact@johnson.example.com","Johnson","Retail Trade",,
5864,"organization",1,70533,1,0,"2017-08-25T20:14:36.302603Z","2017-11-17T11:07:03.052838Z",,,"2009-03-01T00:00:00Z",,,,"Laguardia LLC",,"GBR","GBR",,"Laguardia LLC","555-423-2128","http://laguardiallc.example.com",,"contact@laguardiallc.example.com","Laguardia LLC","Public Administration",,
5865,"organization",1,70548,1,0,"2018-03-22T20:16:19.929721Z","2018-03-15T09:26:17.493113Z",,,"1969-05-29T00:00:00Z",,,,"Rodriguez Ltd.",,"GBR","GBR",,"Rodriguez Ltd.","555-683-6011","http://rodriguezltd.example.com",,"contact@rodriguezltd.example.com","Rodriguez Ltd.","Other Services (except Public Administration)",,
5866,"organization",1,70553,1,0,"2017-10-08T03:16:58.405741Z","2017-04-15T05:58:23.578073Z",,,"2003-06-28T00:00:00Z",,,,"Torres Ltd.",,"GBR","GBR",,"Torres Ltd.","555-593-7689","http://torresltd.example.com",,"contact@torresltd.example.com","Torres Ltd.","Public Administration",,
5867,"organization",1,70564,1,0,"2017-10-02T10:38:11.373798Z","2017-11-11T18:18:00.614537Z",,,"1941-01-15T00:00:00Z",,,,"Jackson Inc.",,"GBR","GBR",,"Jackson Inc.","555-900-5092","http://jacksoninc.example.com",,"contact@jacksoninc.example.com","Jackson Inc.","Administrative and Support and Waste Management and Remediation Services",,
5868,"organization",1,70594,1,0,"2017-10-07T07:57:23.181673Z","2018-02-15T02:24:41.246334Z",,,"2007-03-28T00:00:00Z",,,,"Askew",,"GBR","GBR",,"Askew","555-968-3106","http://askew.example.com",,"contact@askew.example.com","Askew","Mining, Quarrying, and Oil and Gas Extraction",,
5869,"organization",1,70644,1,0,"2017-08-27T14:14:45.768816Z","2017-07-29T01:56:46.133151Z",,,"1957-01-12T00:00:00Z",,,,"Nandakumar Inc.",,"GBR","GBR",,"Nandakumar Inc.","555-988-8030","http://nandakumarinc.example.com",,"contact@nandakumarinc.example.com","Nandakumar Inc.","Educational Services",,
5870,"organization",1,70709,1,0,"2017-11-24T21:01:52.528941Z","2017-09-20T00:17:28.726076Z",,,"1971-10-18T00:00:00Z",,,,"Livingston LLC",,"GBR","GBR",,"Livingston LLC","555-203-4611","http://livingstonllc.example.com",,"contact@livingstonllc.example.com","Livingston LLC","Management of Companies and Enterprises",,
5871,"organization",1,70813,1,0,"2017-11-03T09:53:05.021710Z","2017-04-03T07:45:05.121061Z",,,"1976-08-12T00:00:00Z",,,,"Muhlithaler",,"GBR","GBR",,"Muhlithaler","555-868-1307","http://muhlithaler.example.com",,"contact@muhlithaler.example.com","Muhlithaler","Professional, Scientific, and Technical Services",,
5872,"organization",1,71122,1,0,"2017-12-11T09:12:50.884252Z","2017-06-01T03:33:54.178627Z",,,"1990-11-01T00:00:00Z",,,,"Ammerman Cusack Inc.",,"GBR","GBR",,"Ammerman Cusack Inc.","555-150-7723","http://ammermancusackinc.example.com",,"contact@ammermancusackinc.example.com","Ammerman Cusack Inc.","Mining, Quarrying, and Oil and Gas Extraction",,
