GeoID,Country,ISO2,ISO3,ISONumeric,RiskScore,RiskRank,RiskRating,TypeDef
1,Afghanistan,AF,AFG,4,21.1,4,High,afghanistan
2,Akrotiri,,,,1.05,177,Low,akrotiri
3,Albania,AL,ALB,8,7.8,63,High,albania
269,Alderney,,,,1.05,177,Low,alderney
4,Algeria,DZ,DZA,12,4.35,107,Medium,algeria
5,American Samoa,AS,ASM,16,1,221,Low,american_samoa
6,Andorra,AD,AND,20,1.1,175,Low,andorra
7,Angola,AO,AGO,24,6.64,71,High,angola
8,Anguilla,AI,AIA,660,3.69,123,Medium,anguilla
9,Antarctica,AQ,ATA,10,0,272,Low,antarctica
10,Antigua and Barbuda,AG,ATG,28,4.05,113,Medium,antigua_and_barbuda
11,Argentina ,AR,ARG,32,4.25,109,Medium,argentina_
12,Armenia,AM,ARM,51,1.35,169,Low,armenia
13,Aruba,AW,ABW,533,2.05,158,Low,aruba
278,Ascension Island,SH,SHN,654,1.05,177,Low,ascension_island
14,Ashmore and Cartier Islands,,,,1,221,Low,ashmore_and_cartier_islands
15,Australia,AU,AUS,36,1,221,Low,australia
16,Austria,AT,AUT,40,1.05,177,Low,austria
17,Azerbaijan,AZ,AZE,31,8.25,49,High,azerbaijan
18,"Bahamas, The",BS,BHS,44,9.1,31,High,bahamas-the
19,Bahrain,BH,BHR,48,3.35,134,Medium,bahrain
20,Baker Island,UM,UMI,581,1,221,Low,baker_island
21,Bangladesh,BD,BGD,50,2.3,155,Low,bangladesh
22,Barbados,BB,BRB,52,2.6,151,Low,barbados
23,Belarus,BY,BLR,112,5.3,86,Medium,belarus
24,Belgium,BE,BEL,56,0.5,256,Low,belgium
25,Belize,BZ,BLZ,84,10.35,24,High,belize
26,Benin,BJ,BEN,204,8.35,45,High,benin
27,Bermuda,BM,BMU,60,1.6,167,Low,bermuda
28,Bhutan,BT,BTN,64,2,160,Low,bhutan
29,Bolivia,BO,BOL,68,10.8,22,High,bolivia
273,Bonaire,BQ,BES,535,1.05,177,Low,bonaire
30,Bosnia and Herzegovina,BA,BIH,70,8.3,48,High,bosnia_and_herzegovina
31,Botswana,BW,BWA,72,3.05,144,Medium,botswana
32,Bouvet Island,BV,BVT,74,0,272,Low,bouvet_island
33,Brazil,BR,BRA,76,5.8,80,Medium,brazil
34,British Indian Ocean Territory,IO,IOT,86,1.05,177,Low,british_indian_ocean_territory
36,Brunei,BN,BRN,96,3.5,130,Medium,brunei
37,Bulgaria,BG,BGR,100,1.8,163,Low,bulgaria
38,Burkina Faso,BF,BFA,854,4.94,91,Medium,burkina_faso
39,Burma (Myanmar),MM,MMR,104,20.35,5,High,burma_myanmar
40,Burundi,BI,BDI,108,7.83,62,High,burundi
41,Cabo Verde,CV,CPV,132,3.64,124,Medium,cabo_verde
42,Cambodia,KH,KHM,116,8.05,56,High,cambodia
43,Cameroon,CM,CMR,120,3.25,136,Medium,cameroon
44,Canada,CA,CAN,124,1,221,Low,canada
45,Cayman Islands,KY,CYM,136,1.14,173,Low,cayman_islands
46,Central African Republic,CF,CAF,140,11.24,20,High,central_african_republic
47,Chad,TD,TCD,148,8.24,52,High,chad
48,Chile,CL,CHL,152,0.5,256,Low,chile
49,China,CN,CHN,156,5.89,78,Medium,china
50,Christmas Island,CX,CXR,162,1,221,Low,christmas_island
51,Clipperton Island,CP,CPT,,1.05,177,Low,clipperton_island
52,Cocos (Keeling) Islands,CC,CCK,166,1,221,Low,cocos_keeling_islands
53,Colombia,CO,COL,170,8.25,49,High,colombia
54,Comoros,KM,COM,174,6.04,77,High,comoros
55,"Congo, Democratic Republic of the",CD,COD,180,8.14,53,High,congo-democratic_republic_of_the
56,"Congo, Republic of the",CG,COG,178,8.14,53,High,congo-republic_of_the
57,Cook Islands,CK,COK,184,4.75,102,Medium,cook_islands
58,Coral Sea Islands,,,,1,221,Low,coral_sea_islands
59,Costa Rica,CR,CRI,188,8.05,56,High,costa_rica
60,C𴥠d'Ivoire,CI,CIV,384,5.39,83,Medium,c𴥠d'ivoire
61,Croatia,HR,HRV,191,1.05,177,Low,croatia
62,Cuba,CU,CUB,192,7.64,67,High,cuba
272,Curacao,CW,CUW,531,5.05,89,Medium,curacao
63,Cyprus,CY,CYP,196,4,115,Medium,cyprus
279,"Cyprus, Turkish Cypriot Administered",,,,6.19,74,High,cyprus-turkish_cypriot_administered
64,Czech Republic,CZ,CZE,203,0.55,249,Low,czech_republic
65,Denmark,DK,DNK,208,0.05,263,Low,denmark
66,Dhekelia,,,,1.05,177,Low,dhekelia
67,Djibouti,DJ,DJI,262,2.35,154,Low,djibouti
68,Dominica,DM,DMA,212,4.6,106,Medium,dominica
69,Dominican Republic,DO,DOM,214,11.35,18,High,dominican_republic
71,Ecuador,EC,ECU,218,10.75,23,High,ecuador
72,Egypt,EG,EGY,818,11.35,18,High,egypt
73,El Salvador,SV,SLV,222,7.8,63,High,el_salvador
74,Equatorial Guinea ,GQ,GNQ,226,8.38,44,High,equatorial_guinea_
75,Eritrea,ER,ERI,232,8.67,39,High,eritrea
76,Estonia,EE,EST,233,0,272,Low,estonia
77,Ethiopia,ET,ETH,231,4.75,102,Medium,ethiopia
78,Falkland Islands (Islas Malvinas),FK,FLK,238,1.05,177,Low,falkland_islands_islas_malvinas
79,Faroe Islands,FO,FRO,234,0.05,263,Low,faroe_islands
80,Fiji,FJ,FJI,242,1.85,161,Low,fiji
81,Finland,FI,FIN,246,0.05,263,Low,finland
82,France,FR,FRA,250,1.05,177,Low,france
83,French Guiana,GF,GUF,254,1.05,177,Low,french_guiana
84,French Polynesia,PF,PYF,258,1.05,177,Low,french_polynesia
85,French Southern and Antarctic Lands,TF,ATF,260,1.05,177,Low,french_southern_and_antarctic_lands
86,Gabon,GA,GAB,266,5.04,90,Medium,gabon
87,"Gambia, The",GM,GMB,270,3.39,132,Medium,gambia-the
88,Georgia,GE,GEO,268,0,272,Low,georgia
89,Germany,DE,DEU,276,1.05,177,Low,germany
90,Ghana,GH,GHA,288,4.8,99,Medium,ghana
91,Gibraltar,GI,GIB,292,0.69,248,Low,gibraltar
92,Greece,GR,GRC,300,1.1,175,Low,greece
93,Greenland,GL,GRL,304,0.05,263,Low,greenland
94,Grenada,GD,GRD,308,4.64,105,Medium,grenada
95,Guadeloupe,GP,GLP,312,1.05,177,Low,guadeloupe
96,Guam,GU,GUM,316,1,221,Low,guam
97,Guatemala,GT,GTM,320,10.89,21,High,guatemala
98,Guernsey,GG,GGY,831,1.05,177,Low,guernsey
99,Guinea,GN,GIN,324,8.54,42,High,guinea
100,Guinea-Bissau,GW,GNB,624,12.29,16,High,guinea-bissau
101,Guyana,GY,GUY,328,3.85,119,Medium,guyana
102,Haiti,HT,HTI,332,15.05,9,High,haiti
103,Heard and McDonald Islands,HM,HMD,334,1,221,Low,heard_and_mcdonald_islands
270,Herm,,,,1.05,177,Low,herm
104,Holy See (Vatican City),VA,VAT,336,0.55,249,Low,holy_see_vatican_city
105,Honduras ,HN,HND,340,8.25,49,High,honduras_
106,Hong Kong,HK,HKG,344,3.1,141,Medium,hong_kong
107,Howland Island,UM,UMI,581,1,221,Low,howland_island
108,Hungary,HU,HUN,348,0.55,249,Low,hungary
109,Iceland,IS,ISL,352,0.05,263,Low,iceland
264,Ile Amsterdam,TF,ATF,260,1.05,177,Low,ile_amsterdam
265,Ile Saint-Paul,TF,ATF,260,1.05,177,Low,ile_saint-paul
266,Iles Crozet,TF,ATF,260,1.05,177,Low,iles_crozet
263,Iles des Saintes,,,,1.05,177,Low,iles_des_saintes
268,Iles Eparses,TF,ATF,260,1.05,177,Low,iles_eparses
267,Iles Kerguelen,TF,ATF,260,1.05,177,Low,iles_kerguelen
110,India,IN,IND,356,8.8,35,High,india
111,Indonesia,ID,IDN,360,5.3,86,Medium,indonesia
112,Iran,IR,IRN,364,33.87,1,High,iran
113,Iraq,IQ,IRQ,368,15.1,8,High,iraq
114,Ireland,IE,IRL,372,0.55,249,Low,ireland
115,Isle of Man,IM,IMN,833,1.05,177,Low,isle_of_man
116,Israel,IL,ISR,376,1,221,Low,israel
117,Italy,IT,ITA,380,1,221,Low,italy
118,Jamaica,JM,JAM,388,7.75,66,High,jamaica
119,Jan Mayen,SJ,SJM,744,0,272,Low,jan_mayen
120,Japan,JP,JPN,392,1.14,173,Low,japan
121,Jarvis Island,UM,UMI,581,1,221,Low,jarvis_island
122,Jersey,JE,JEY,832,1.05,177,Low,jersey
123,Johnston Atoll,UM,UMI,581,1,221,Low,johnston_atoll
124,Jordan,JO,JOR,400,2.14,157,Low,jordan
125,Kazakhstan,KZ,KAZ,398,8.89,33,High,kazakhstan
126,Kenya,KE,KEN,404,5.75,82,Medium,kenya
127,Kingman Reef,UM,UMI,581,1,221,Low,kingman_reef
128,Kiribati,KI,KIR,296,1.75,165,Low,kiribati
129,"Korea, North",KP,PRK,408,29.69,3,High,korea-north
130,"Korea, South",KR,KOR,410,0.55,249,Low,korea-south
259,Kosovo,XK,,,2.49,153,Low,kosovo
131,Kuwait,KW,KWT,414,1.8,163,Low,kuwait
132,Kyrgyzstan,KG,KGZ,417,7.85,61,High,kyrgyzstan
262,La Desirade,,,,1.05,177,Low,la_desirade
133,Laos,LA,LAO,418,14.73,11,High,laos
134,Latvia,LV,LVA,428,4,115,Medium,latvia
135,Lebanon,LB,LBN,422,9.85,27,High,lebanon
136,Lesotho,LS,LSO,426,4.75,102,Medium,lesotho
137,Liberia,LR,LBR,430,7.89,60,High,liberia
138,Libya,LY,LBY,434,14.52,13,High,libya
139,Liechtenstein,LI,LIE,438,6.05,76,High,liechtenstein
140,Lithuania,LT,LTU,440,0.05,263,Low,lithuania
141,Luxembourg,LU,LUX,442,2.55,152,Low,luxembourg
142,Macau,MO,MAC,446,9.1,31,High,macau
143,Macedonia,MK,MKD,807,1.25,170,Low,macedonia
144,Madagascar,MG,MDG,450,1.85,161,Low,madagascar
145,Malawi,MW,MWI,454,3.3,135,Medium,malawi
146,Malaysia,MY,MYS,458,3.55,126,Medium,malaysia
147,Maldives,MV,MDV,462,7.04,69,High,maldives
148,Mali,ML,MLI,466,4.89,94,Medium,mali
149,Malta,MT,MLT,470,3.1,141,Medium,malta
261,Marie-Galante,,,,1.05,177,Low,marie-galante
150,Marshall Islands,MH,MHL,584,6.75,70,High,marshall_islands
151,Martinique,MQ,MTQ,474,1.55,168,Low,martinique
152,Mauritania,MR,MRT,478,3.25,136,Medium,mauritania
153,Mauritius,MU,MUS,480,3.05,144,Medium,mauritius
154,Mayotte,YT,MYT,175,1.05,177,Low,mayotte
155,Mexico,MX,MEX,484,14.25,15,High,mexico
156,Micronesia,FM,FSM,583,3.19,139,Medium,micronesia
157,Midway Islands,UM,UMI,581,1,221,Low,midway_islands
158,Moldova,MD,MDA,498,8.35,45,High,moldova
159,Monaco,MC,MCO,492,8.55,41,High,monaco
160,Mongolia,MN,MNG,496,3.89,118,Medium,mongolia
258,Montenegro,ME,MNE,499,3.55,126,Medium,montenegro
161,Montserrat,MS,MSR,500,3.24,138,Medium,montserrat
162,Morocco,MA,MAR,504,3.8,120,Medium,morocco
163,Mozambique,MZ,MOZ,508,4.8,99,Medium,mozambique
164,Namibia,NA,NAM,516,3.55,126,Medium,namibia
165,Nauru,NR,NRU,520,7.39,68,High,nauru
166,Navassa Island,UM,UMI,581,1,221,Low,navassa_island
167,Nepal,NP,NPL,524,4.94,91,Medium,nepal
168,Netherlands,NL,NLD,528,1.05,177,Low,netherlands
170,New Caledonia,NC,NCL,540,1.05,177,Low,new_caledonia
171,New Zealand,NZ,NZL,554,0.05,263,Low,new_zealand
172,Nicaragua,NI,NIC,558,8.35,45,High,nicaragua
173,Niger,NE,NER,562,4.94,91,Medium,niger
174,Nigeria,NG,NGA,566,7.8,63,High,nigeria
175,Niue,NU,NIU,570,3.39,132,Medium,niue
176,Norfolk Island,NF,NFK,574,1,221,Low,norfolk_island
177,Northern Mariana Islands,MP,MNP,580,1,221,Low,northern_mariana_islands
178,Norway,NO,NOR,578,0,272,Low,norway
179,Oman,OM,OMN,512,0.05,263,Low,oman
180,Pakistan,PK,PAK,586,10.35,24,High,pakistan
181,Palau,PW,PLW,585,2.94,149,Low,palau
282,Palestinian Territories,PS,PSE,275,8.63,40,High,palestinian_territories
182,Palmyra Atoll,UM,UMI,581,1,221,Low,palmyra_atoll
183,Panama,PA,PAN,591,15.3,7,High,panama
184,Papua New Guinea,PG,PNG,598,3.58,125,Medium,papua_new_guinea
185,Paracel Islands,,,,5.89,78,Medium,paracel_islands
186,Paraguay,PY,PRY,600,5.8,80,Medium,paraguay
187,Peru,PE,PER,604,8.75,38,High,peru
188,Philippines,PH,PHL,608,4.3,108,Medium,philippines
189,Pitcairn Islands,PN,PCN,612,1.05,177,Low,pitcairn_islands
190,Poland,PL,POL,616,0.55,249,Low,poland
191,Portugal,PT,PRT,620,0.5,256,Low,portugal
192,Puerto Rico,PR,PRI,630,1,221,Low,puerto_rico
193,Qatar,QA,QAT,634,2.05,158,Low,qatar
194,Reunion,RE,REU,638,1.05,177,Low,reunion
195,Romania,RO,ROU,642,0.5,256,Low,romania
196,Russia,RU,RUS,643,8.8,35,High,russia
197,Rwanda,RW,RWA,646,3.14,140,Medium,rwanda
274,Saba,BQ,BES,535,1.05,177,Low,saba
280,Saint Barthelemy,BL,BLM,652,1.05,177,Low,saint_barthelemy
198,Saint Helena,SH,SHN,654,1.05,177,Low,saint_helena
199,Saint Kitts and Nevis,KN,KNA,659,6.55,72,High,saint_kitts_and_nevis
200,Saint Lucia,LC,LCA,662,4.1,111,Medium,saint_lucia
281,Saint Martin,MF,MAF,663,1.05,177,Low,saint_martin
201,Saint Pierre and Miquelon,PM,SPM,666,1.05,177,Low,saint_pierre_and_miquelon
220,Saint Vincent and the Grenadines,VC,VCT,670,4.1,111,Medium,saint_vincent_and_the_grenadines
202,Samoa,WS,WSM,882,1.64,166,Low,samoa
203,San Marino,SM,SMR,674,0.1,261,Low,san_marino
204,Sao Tome and Principe,ST,STP,678,4.19,110,Medium,sao_tome_and_principe
271,Sark,,,,1.05,177,Low,sark
205,Saudi Arabia,SA,SAU,682,6.5,73,High,saudi_arabia
206,Senegal,SN,SEN,686,3.05,144,Medium,senegal
207,Serbia,RS,SRB,688,4.8,99,Medium,serbia
208,Seychelles,SC,SYC,690,6.19,74,High,seychelles
209,Sierra Leone,SL,SLE,694,5.35,85,Medium,sierra_leone
210,Singapore,SG,SGP,702,1,221,Low,singapore
275,Sint Eustatius,BQ,BES,535,1.05,177,Low,sint_eustatius
276,Sint Maarten,SX,SXM,534,3.55,126,Medium,sint_maarten
211,Slovakia,SK,SVK,703,0.55,249,Low,slovakia
212,Slovenia,SI,SVN,705,0,272,Low,slovenia
213,Solomon Islands,SB,SLB,90,3.44,131,Medium,solomon_islands
214,Somalia,SO,SOM,706,10,26,High,somalia
215,South Africa,ZA,ZAF,710,0.5,256,Low,south_africa
216,South Georgia and the South Sandwich Islands,GS,SGS,239,1.05,177,Low,south_georgia_and_the_south_sandwich_islands
217,Spain,ES,ESP,724,1,221,Low,spain
218,Spratly Islands,,,,0,272,Low,spratly_islands
219,Sri Lanka,LK,LKA,144,2.8,150,Low,sri_lanka
221,Sudan,SD,SDN,729,15.6,6,High,sudan
222,Suriname,SR,SUR,740,3.1,141,Medium,suriname
223,Svalbard,SJ,SJM,744,0,272,Low,svalbard
224,Swaziland,SZ,SWZ,748,4.89,94,Medium,swaziland
225,Sweden,SE,SWE,752,0.1,261,Low,sweden
226,Switzerland,CH,CHE,756,4.05,113,Medium,switzerland
227,Syria,SY,SYR,760,31.19,2,High,syria
228,Taiwan,TW,TWN,158,1.24,172,Low,taiwan
229,Tajikistan,TJ,TJK,762,8.89,33,High,tajikistan
230,Tanzania,TZ,TZA,834,8.44,43,High,tanzania
231,Thailand,TH,THA,764,3.75,121,Medium,thailand
70,Timor-Leste,TL,TLS,626,3.94,117,Medium,timor-leste
232,Togo,TG,TGO,768,4.85,97,Medium,togo
233,Tokelau,TK,TKL,772,0.05,263,Low,tokelau
234,Tonga,TO,TON,776,4.89,94,Medium,tonga
235,Trinidad and Tobago,TT,TTO,780,3.75,121,Medium,trinidad_and_tobago
277,Tristan da Cunha,SH,SHN,654,1.05,177,Low,tristan_da_cunha
236,Tunisia,TN,TUN,788,11.8,17,High,tunisia
237,Turkey,TR,TUR,792,9.35,28,High,turkey
238,Turkmenistan,TM,TKM,795,5.1,88,Medium,turkmenistan
239,Turks and Caicos Islands,TC,TCA,796,2.19,156,Low,turks_and_caicos_islands
240,Tuvalu,TV,TUV,798,1.25,170,Low,tuvalu
241,Uganda,UG,UGA,800,7.94,59,High,uganda
242,Ukraine,UA,UKR,804,14.3,14,High,ukraine
243,United Arab Emirates,AE,ARE,784,8.1,55,High,united_arab_emirates
244,United Kingdom,GB,GBR,826,1.05,177,Low,united_kingdom
245,United States,US,USA,840,1,221,Low,united_states
246,Uruguay,UY,URY,858,1,221,Low,uruguay
247,Uzbekistan,UZ,UZB,860,8.05,56,High,uzbekistan
248,Vanuatu,VU,VUT,548,9.25,29,High,vanuatu
249,Venezuela,VE,VEN,862,15,10,High,venezuela
250,Vietnam,VN,VNM,704,5.39,83,Medium,vietnam
35,"Virgin Islands, British",VG,VGB,92,3.05,144,Medium,virgin_islands-british
251,"Virgin Islands, U.S.",VI,VIR,850,3,148,Medium,virgin_islands-us
252,Wake Island,UM,UMI,581,1,221,Low,wake_island
253,Wallis and Futuna,WF,WLF,876,1.05,177,Low,wallis_and_futuna
254,Western Sahara,EH,ESH,732,0,272,Low,western_sahara
255,Yemen,YE,YEM,887,14.64,12,High,yemen
256,Zambia,ZM,ZMB,894,4.85,97,Medium,zambia
257,Zimbabwe,ZW,ZWE,716,9.14,30,High,zimbabwe
