<?xml version="1.0"?>
<project name="fcai-shiny-docker-build" default="all" basedir=".">
	
	<import file="/var/lib/jenkins/workspace/packaging/fcai-1.0.3.0/fcai103.gsa.credentials.xml"/>
  	<!--<import file="/var/lib/jenkins/workspace/packaging/aml-1.0.0.0/aml101.gsa.credentials.xml"/>-->
	
	<!-- *************************************************** -->
	<!-- Target: Set properties                              -->
	<!-- *************************************************** -->	
	<property name="docker.tagname.prefix"	value="ibmcom" />
	<property name="docker.tagname"		value="fcai-shiny" />
	<property name="docker.tagversion"	value="1.0.3" />
	<property name="docker.repo.rel.host" 	value="amldockerrel.rtp.raleigh.ibm.com" />
	<property name="docker.repo.rel.port" 	value="5000" />
	<property name="docker.image.file"	value="${docker.tagname}-${docker.tagversion}-image.tar" />
	<property name="docker.image.md5"	value="${docker.tagname}-${docker.tagversion}-image.md5" />
	<property name="docker.image.sha1"	value="${docker.tagname}-${docker.tagversion}-image.sha1" />
	<property name="build.home"		value="${basedir}/build" />
	<!-- FCI docker image that gets pulled -->	
	<property name="fci.docker.tagname.prefix"	value="rocky" />
	<property name="fci.docker.tagname"		value="shiny" />
	<property name="fci.docker.tagversion"		value="latest" />
	<property name="fci.docker.repo.rel.host" 	value="" />
	<property name="fci.docker.repo.rel.port" 	value="" />

	<!-- *************************************************** -->
	<!-- Target: Create Build Label                          -->
	<!-- *************************************************** -->
	<tstamp>		
		<format property="buildLabel" pattern="yyyyMMdd-HHmm" />
	</tstamp>
	<property name="build.timestamp" 	value="${buildLabel}" /> 
		
	<!-- *************************************************** -->
	<!-- Target: Hostname check                              -->
	<!-- *************************************************** -->
	<target name="check-hostname">
 		<echo message="Verifying that build is being run on the correct host"/>
 		<echo message="Retrieving hostname..."/>
 		<exec executable="hostname" outputproperty="buildserver.hostname"/>
 		<echo message="The hostname of this build server is ${buildserver.hostname}"/>
		<fail message="This build can only be executed on the cfm build server.">
			<condition> 
				<not>
					<or>
						<equals arg1="${buildserver.hostname}" arg2="amljenkins.rtp.raleigh.ibm.com"/>
						<equals arg1="${buildserver.hostname}" arg2="amljenkins"/>
					</or>
				</not> 
			</condition>
		</fail>
	</target >	
		
	<!-- *************************************************** -->
	<!-- Target: Cleanup previous builds                     -->
	<!-- *************************************************** -->
	<target name="clean" depends="check-hostname">
		<!-- Cleanup previous build home -->
		<delete dir="${build.home}"/>
		<!-- Delete old docker image from local repository -->
		<antcall target="delete-docker-image">
		    <param name="l_image_name" value="${docker.repo.rel.host}:${docker.repo.rel.port}/${docker.tagname.prefix}/${docker.tagname}:${docker.tagversion}"/>
		</antcall>
		<antcall target="delete-docker-image">
		    <param name="l_image_name" value="${docker.tagname.prefix}/${docker.tagname}:${docker.tagversion}"/>
		</antcall>
		<antcall target="delete-docker-image">
		    <param name="l_image_name" value="${fci.docker.repo.rel.host}:${fci.docker.repo.rel.port}/${fci.docker.tagname.prefix}/${fci.docker.tagname}:${fci.docker.tagversion}"/>
		</antcall>
	</target>
	
	<!-- *************************************************** -->
	<!-- Target: Create build dir / Update swidtag           -->
	<!-- *************************************************** -->
	<target name="init" depends="clean">
		<!-- Create build staging directory -->
		<mkdir dir="${build.home}"/>
		<!-- Update build label in swidtag
		<replace dir="${build.home}/swidtag" value="${build.timestamp}">
			<include name="**/*.swidtag" />
			<replacetoken>build_level</replacetoken>
		</replace>
 		-->	
	</target>
	
	<!-- *************************************************** -->
	<!-- Target: Delete Docker image                         -->
	<!-- *************************************************** -->
	<target name="delete-docker-image">
		<echo message="- Deleting Docker image - ${l_image_name}"/>
		<exec executable="docker" os="Unix,Linux">
			<arg value="rmi"/>
			<arg value="${l_image_name}"/>
			<arg value="-f"/>
		</exec>
	</target>
	
  	<!-- *************************************************** -->
	<!-- Target: Docker Build				                 -->
	<!-- *************************************************** -->
	<target name="docker-build" depends="init">
    		<exec executable="docker">
      			<arg value="build"/>
      			<arg value="--pull"/>
          	<!--<arg value="- -squash"/>-->
      			<arg value="-t"/>
     			<arg value="${docker.tagname.prefix}/${docker.tagname}:${docker.tagversion}"/>
      			<arg value="."/>
    		</exec>
   	</target>

 	<!-- *************************************************** -->
	<!-- Target: Docker Tag				                     -->
	<!-- *************************************************** -->
   	<target name="docker-tag">
      	<echo message="Tagging docker image: ${docker.tagname.prefix}/${docker.tagname}:${docker.tagversion}"/>
		<exec executable="docker">
      		<arg value="tag"/>
          	<arg value="${docker.tagname.prefix}/${docker.tagname}:${docker.tagversion}"/>
     		<arg value="${docker.repo.rel.host}:${docker.repo.rel.port}/${docker.tagname.prefix}/${docker.tagname}:${docker.tagversion}"/>
    	</exec>
    </target>

  	<!-- *************************************************** -->
	<!-- Target: Docker Push				                 -->
	<!-- *************************************************** -->
  	<target name="docker-push">
      	<echo message="Pushing docker image: ${docker.repo.rel.host}:${docker.repo.rel.port}/${docker.tagname.prefix}/${docker.tagname}:${docker.tagversion}"/>
      	<exec executable="docker">
          	<arg value="push"/>
     		<arg value="${docker.repo.rel.host}:${docker.repo.rel.port}/${docker.tagname.prefix}/${docker.tagname}:${docker.tagversion}"/>
      	</exec>
  	</target>
  
   	<!-- *************************************************** -->
	<!-- Target: Create Image tarball		                 -->
	<!-- *************************************************** -->
	<target name="docker-export">
		<mkdir dir="${build.home}/staging/${build.timestamp}"/>
		<exec executable="docker">
			<arg value="save"/>
			<arg value="-o"/>	
			<arg value="${build.home}/staging/${build.timestamp}/${docker.image.file}"/>
			<arg value="${docker.tagname.prefix}/${docker.tagname}:${docker.tagversion}"/>		
		</exec>		
	</target>
	
	<!-- *************************************************** -->
	<!-- Target: Create checksums   		                 -->
	<!-- *************************************************** -->
	<target name="create-checksums">
		<echo message="Creating MD5 checksum"/>
		<exec dir="${build.home}/staging/${build.timestamp}/" executable="/bin/sh" failonerror="false" osfamily="unix">
					<arg value="-c" />
					<arg value="md5sum ${docker.image.file} > ${build.home}/staging/${build.timestamp}/${docker.image.md5}" />
		</exec>
		<echo message="Creating SHA1 checksum"/>
		<exec dir="${build.home}/staging/${build.timestamp}/" executable="/bin/sh" failonerror="false" osfamily="unix">
					<arg value="-c" />
					<arg value="sha1sum ${docker.image.file} > ${build.home}/staging/${build.timestamp}/${docker.image.sha1}" />
		</exec>		
	</target>
		
	<!-- ********************************************* -->
	<!-- Target: Upload docker package to GSA          -->
	<!-- ********************************************* -->
	<target name="upload-package">
		<echo message="Upload docker package to ${gsa.fileserver.host}:${gsa.fileserver.base.upload.location}/../" />  
		<echo message="The upload connection is ${gsa.fileserver.base.connection}/"/>
		<scp todir="${gsa.fileserver.userid}@${gsa.fileserver.host}:${gsa.fileserver.base.upload.location}/../" password="${gsa.fileserver.password}" trust="yes">
			<fileset dir="${build.home}/staging/${build.timestamp}/">
				<include name="${docker.image.file}"/>
				<include name="${docker.image.md5}"/>
				<include name="${docker.image.sha1}"/>
			</fileset>
		</scp>
		<echo message="The latest docker build ${docker.tagname} is available for download at ${gsa.fileserver.base.url}" /> 
	</target > 		
	
	<!-- ********************************************** -->
	<!-- Target: Archive docker fixpack to GSA          -->
	<!-- ********************************************** -->
	<target name="archive-package">
		<echo message="Archiving build to ${gsa.fileserver.base.connection}/${build.timestamp}"/>
		<scp todir="${gsa.fileserver.userid}@${gsa.fileserver.host}:${gsa.fileserver.base.upload.location}" password="${gsa.fileserver.password}" trust="yes">
			<fileset dir="${build.home}/staging"/>
		</scp>
	</target > 
	
  	<!-- ********************************************** -->
	<!-- Target: Cleanup docker image from local repo   -->
	<!-- ********************************************** -->
	<target name="clean-images">
		<echo message="Removing build from local registry."/>
		<!-- Delete old docker image from local repository -->
		<antcall target="delete-docker-image">
		    <param name="l_image_name" value="${docker.repo.rel.host}:${docker.repo.rel.port}/${docker.tagname.prefix}/${docker.tagname}:${docker.tagversion}"/>
		</antcall>
	</target >
	
	<!-- ********************************************** -->
	<!-- Target: Docker create image                    -->
	<!-- ********************************************** -->
	<target name="docker-create-image">
		<echo>Running docker build for ${docker.tagname}</echo>
		<antcall target="docker-build"/>
		<antcall target="docker-tag"/>
		<antcall target="docker-push"/>
		<antcall target="docker-export"/>
		<antcall target="create-checksums"/>
		<antcall target="upload-package"/>
		<!--<antcall target="archive-package"/>-->
    	<antcall target="clean-images" />
	</target>
	
	<!-- ********************************************** -->
	<!-- Target: Create apar image                      -->
	<!-- ********************************************** -->
	<target name="docker-create-apar-image">
	    <!-- Create an apar-specific files -->
		  <property name="docker.tagversion.apar"	 value="1.0.2.apar1" />
		  <property name="docker.image.file.apar"	 value="${docker.tagname}-${docker.tagversion.apar}-image.tar" />
		  <property name="docker.image.md5.apar"	 value="${docker.tagname}-${docker.tagversion.apar}-image.md5" />
		  <property name="docker.image.sha1.apar"	 value="${docker.tagname}-${docker.tagversion.apar}-image.sha1" />
		  <property name="gsa.fileserver.base.upload.location.apar"	 value="/rtpgsa-p6/09/ifcai-release/v1.0.2.apar1/source/" />
		  
		  <echo message="Creating APAR image."/>
		  
		  <antcall target="delete-docker-image">
		    <param name="l_image_name" value="${docker.tagname.prefix}/${docker.tagname}:${docker.tagversion.apar}"/>
		  </antcall>
		  <antcall target="docker-build">
		      <param name="docker.tagversion" value="${docker.tagversion.apar}" />
		  </antcall>
		  <antcall target="docker-tag">
		      <param name="docker.tagversion" value="${docker.tagversion.apar}" />
		  </antcall>
		  <antcall target="docker-push">
		      <param name="docker.tagversion" value="${docker.tagversion.apar}" />
		  </antcall>
		  <antcall target="docker-export">
		      <param name="docker.tagversion" value="${docker.tagversion.apar}" />
		  		<param name="docker.image.file" value="${docker.image.file.apar}" />
		  </antcall>
		  <antcall target="create-checksums">
		  		<param name="docker.image.file" value="${docker.image.file.apar}" />
		  		<param name="docker.image.md5" value="${docker.image.md5.apar}" />
		  		<param name="docker.image.sha1" value="${docker.image.sha1.apar}" />
		  </antcall>
		  <antcall target="upload-package">
		  		<param name="docker.image.file" value="${docker.image.file.apar}" />
		  		<param name="docker.image.md5" value="${docker.image.md5.apar}" />
		  		<param name="docker.image.sha1" value="${docker.image.sha1.apar}" />
		  		<param name="docker.image.sha1" value="${docker.image.sha1.apar}" />
		  		<param name="gsa.fileserver.base.upload.location" value="${gsa.fileserver.base.upload.location.apar}" />
		  </antcall>
		  <antcall target="clean-images" >
		  		<param name="docker.tagversion" value="${docker.tagversion.apar}" />
		  </antcall>
	</target >
	
	<!-- ********************************************** -->
	<!-- Target: Run all                                -->
	<!-- ********************************************** -->
	<target name="all">
		<antcall target="docker-create-image"/>
		<!--antcall target="docker-create-apar-image" /-->
	</target>
	
</project>
