"","Cluster","variable","value","rescale"
"1","1","Count",431,0.14123006833713
"2","2","Count",1050,0.423234624145786
"3","3","Count",330,0.0952164009111617
"4","4","Count",2316,1
"5","5","Count",121,0
"6","6","Count",124,0.00136674259681093
"7","1","Day_Min_Amount",20,0.00680272108843537
"8","2","Day_Min_Amount",78,0.401360544217687
"9","3","Day_Min_Amount",165,0.993197278911565
"10","4","Day_Min_Amount",165,0.993197278911565
"11","5","Day_Min_Amount",166,1
"12","6","Day_Min_Amount",19,0
"13","1","Year_Max_Amount",1603,1
"14","2","Year_Max_Amount",799,0.355769230769231
"15","3","Year_Max_Amount",640,0.228365384615385
"16","4","Year_Max_Amount",437,0.0657051282051282
"17","5","Year_Max_Amount",355,0
"18","6","Year_Max_Amount",1225,0.697115384615385
"19","1","Quarter_Trx_Count",2,1
"20","2","Quarter_Trx_Count",2,1
"21","3","Quarter_Trx_Count",1,0
"22","4","Quarter_Trx_Count",1,0
"23","5","Quarter_Trx_Count",1,0
"24","6","Quarter_Trx_Count",2,1
"25","1","Year_Trx_Count",5,1
"26","2","Year_Trx_Count",3,0.5
"27","3","Year_Trx_Count",2,0.25
"28","4","Year_Trx_Count",1,0
"29","5","Year_Trx_Count",2,0.25
"30","6","Year_Trx_Count",4,0.75
"31","1","Week_Avg_Amount",262,1
"32","2","Week_Avg_Amount",247,0.545454545454545
"33","3","Week_Avg_Amount",262,1
"34","4","Week_Avg_Amount",255,0.787878787878788
"35","5","Week_Avg_Amount",229,0
"36","6","Week_Avg_Amount",244,0.454545454545455
"37","1","Trx_Freq_Avg_in_M",2,0.0476190476190476
"38","2","Trx_Freq_Avg_in_M",1,0
"39","3","Trx_Freq_Avg_in_M",11,0.476190476190476
"40","4","Trx_Freq_Avg_in_M",4,0.142857142857143
"41","5","Trx_Freq_Avg_in_M",22,1
"42","6","Trx_Freq_Avg_in_M",4,0.142857142857143
"43","1","Trx_Freq_Max_in_M",15,0.545454545454545
"44","2","Trx_Freq_Max_in_M",3,0
"45","3","Trx_Freq_Max_in_M",14,0.5
"46","4","Trx_Freq_Max_in_M",10,0.318181818181818
"47","5","Trx_Freq_Max_in_M",24,0.954545454545455
"48","6","Trx_Freq_Max_in_M",25,1
"49","1","Outlier_Count",10,0.25
"50","2","Outlier_Count",24,0.833333333333333
"51","3","Outlier_Count",4,0
"52","4","Outlier_Count",28,1
"53","5","Outlier_Count",10,0.25
"54","6","Outlier_Count",4,0
"55","1","Outlier_Share",0.02,0.142857142857143
"56","2","Outlier_Share",0.02,0.142857142857143
"57","3","Outlier_Share",0.01,0
"58","4","Outlier_Share",0.01,0
"59","5","Outlier_Share",0.08,1
"60","6","Outlier_Share",0.03,0.285714285714286
