{
	"sendMessage": false,
	"platformHost": "https://<hostname_kubernetes_master>:9443/ibm/fci/platform/external_assessment/analysis_result?waitTime=15",
	"platformUser": "<platform_user>",
	"platformPassword": "<platform_password>",
	"sslValidationEnabled": true,
	"tokenURL": "https://<hostname_kubernetes_master>:3000/security-auth/api/v1.0/login/ldap?",
	"remoteSystemRef": "FCAI_ALERT",
	"context": "ai_fraudcontext",
	"resultProperties": {
		"createPriority": "PriorityColumn",
		"cf.caseprop.status": "StatusColumn"
	}
}
