{
	"Sparklyr": {
		"master": "yarn-client",
		"version": "2.2.0",
		"sparkHome": "/usr/hdp/current/spark2-client",
		"config": {
			"sparklyr.shell.driver-memory": "8G"
		}
	},
	"CountryType": "ISO3",
	"DataDirectory": "hdfs:///aml/data",
	"ModelDirectory": "/opt/ibm/aml/models",
	"IGAMessageDirectory": "/amldata",
	"WriteResultsToDB": true,
	"Training": {
		"Files": [
			{
				"Type": "Transactions",
				"StoredAs": {
					"Name": "aml_transaction",
					"Type": "hive",
					"Path": ""
				}
			},
			{
				"Type": "Alerts",
				"StoredAs": {
					"Name": "AML_sample_alert_scored.csv",
					"Type": "csv",
					"Path": "hdfs:///aml/data"
				},
				"FP_TP_TagColumn": "fp_tp_tag"
			}
		]
	},
	"Files": [
		{
			"Type": "Accounts",
			"StoredAs": {
				"Name": "aml_account",
				"Type": "hive",
				"Path": ""
			},
			"IDColumn": "acct_id",
			"AlternateIDColumn": "alt_id",
			"TaxIDColumn": "tax_id",
			"DisplayColumn": "dsply_nm",
			"TypeColumn": "type",
			"InitialDepositColumn": "initial_deposit",
			"BalanceColumn": "balance",
			"NetWorthPeriodEndColumn": "net_wrth_prd_end",
			"PeerGroupColumn": "acct_peer_grp_intrl_id",
			"CurrencyColumn": "acct_rptng_crncy",
			"BranchIDColumn": "branch_id",
			"RelationshipMgrIDColumn": "relationship_mgr_id",
			"OpenDateColumn": "open_dt",
			"CloseDateColumn": "close_dt",
			"CloseReasonColumn": "close_reason",
			"StatusColumn": "acct_stat",
			"StatusDateColumn": "acct_stat_dt",
			"LastUpdatedColumn": "acct_last_updated_ts",
			"SegmentColumn": "acct_segment",
			"DormantStatusFlagColumn": "dormant_status_flag",
			"FrozenStatusFlagColumn": "frozen_status_flag",
			"EffectiveRiskColumn": "acct_efctv_risk",
			"BusinessRiskColumn": "acct_bus_risk",
			"CustomRiskColumn": "cstm_risk1",
			"PastConfirmedFraudColumn": "past_confirmed_fraud",
			"PastSuspectedFraudColumn": "past_suspected_fraud",
			"PriorSARCountColumn": "prior_sar_count",
			"Customized1Column": "customized_1"
		},
		{
			"Type": "AccountCustomerMapping",
			"StoredAs": {
				"Name": "aml_accountmapping",
				"Type": "hive",
				"Path": ""
			},
			"IDColumn": "cust_acct_mapping_id",
			"AccountColumn": "acct_id",
			"CustomerIDColumn": "cust_id",
			"CustomerAccountRoleColumn": "cust_acct_role",
			"ExternalSystemColumn": "src_sys",
			"DataDumpColumn": "data_dump_dt"
		},
		{
			"Type": "Alerts",
			"StoredAs": {
				"Name": "AML_sample_alert.csv",
				"Type": "csv",
				"Path": "hdfs:///aml/data"
			},
			"IDColumn": "alert_id",
			"SourceColumn": "src_sys",
			"SourceIDColumn": "src_id",
			"CustomerIDColumn": "cust_id",
			"AccountColumn": "acct_id",
			"SubjectDisplayNameColumn": "subject_display_name",
			"TransactionIDColumn": "",
			"TitleColumn": "",
			"CodeColumn": "susptype1",
			"TypologyColumn": "susptype2",
			"SubTypologyColumn": "susptype3",
			"TriggeredTransColumn": "",
			"FP_TP_TagColumn": "disposition",
			"DispositionColumn": "disposition",
			"NarrativeColumn": "",
			"ReviewCommentsColumn": "",
			"CaseHistoryColumn": "",
			"SARHistoryColumn": "",
			"ScoreColumn": "alert_score",
			"AlertCreateDateColumn": "create_ts",
			"AlertReviewDateColumn": "review_ts",
			"AlertCloseDateColumn": "closed_ts",
			"AlertStartDateColumn": "start_ts",
			"AlertEndDateColumn": "end_ts",
			"CaseCreateDateColumn": "",
			"PriorityColumn": "priority",
			"SuspType1Column": "susptype1",
			"SuspType2Column": "susptype2",
			"SuspType3Column": "susptype3",
			"PeerGroupColumn": "peer_group",
			"Desc1Column": "desc_1",
			"Desc2Column": "desc_2",
			"Desc3Column": "desc_3",
			"CreatorColumn": "creater_id",
			"ReviewStateColumn": "review_state",
			"ReviewOperColumn": "review_oper",
			"StatusColumn": "status",
			"DispositionOperColumn": "disposition_oper",
			"TransactionIDMapping": {
				"Source":	{
					"Type": "AlertTxnMappings",
					"AlertIDColumn": "IDColumn",
					"TranIDColumn": "TranIDColumn"
				}
			}
		},
		{
			"Type": "AlertHistory",
			"StoredAs": {
				"Name": "aml_alert",
				"Type": "hive",
				"Path": ""
			},
			"IDColumn": "alert_id",
			"SourceColumn": "src_sys",
			"SourceIDColumn": "src_id",
			"CustomerIDColumn": "cust_id",
			"AccountColumn": "acct_id",
			"SubjectDisplayNameColumn": "subject_display_name",
			"TransactionIDColumn": "",
			"TitleColumn": "",
			"CodeColumn": "susptype1",
			"TypologyColumn": "susptype2",
			"SubTypologyColumn": "susptype3",
			"TriggeredTransColumn": "",
			"FP_TP_TagColumn": "disposition",
			"DispositionColumn": "disposition",
			"NarrativeColumn": "",
			"ReviewCommentsColumn": "",
			"CaseHistoryColumn": "",
			"SARHistoryColumn": "",
			"ScoreColumn": "alert_score",
			"AlertCreateDateColumn": "create_ts",
			"AlertReviewDateColumn": "review_ts",
			"AlertCloseDateColumn": "closed_ts",
			"AlertStartDateColumn": "start_ts",
			"AlertEndDateColumn": "end_ts",
			"CaseCreateDateColumn": "",
			"PriorityColumn": "priority",
			"SuspType1Column": "susptype1",
			"SuspType2Column": "susptype2",
			"SuspType3Column": "susptype3",
			"PeerGroupColumn": "peer_group",
			"Desc1Column": "desc_1",
			"Desc2Column": "desc_2",
			"Desc3Column": "desc_3",
			"CreatorColumn": "creater_id",
			"ReviewStateColumn": "review_state",
			"ReviewOperColumn": "review_oper",
			"StatusColumn": "status",
			"DispositionOperColumn": "disposition_oper",
			"TimestampColumn": "start_ts",
			"TimestampFormat": "yyyy-MM-dd'T'HH:mm:ssX",
			"TransactionIDMapping": {
				"Source":	{
					"Type": "AlertTxnMappings",
					"AlertIDColumn": "IDColumn",
					"TranIDColumn": "TranIDColumn"
				}
			},
			"Aggregators": [
				{
					"AggregateName": "ByCustomerID",
					"AggregateBy": ["CustomerIDColumn"],
					"StoredAs": {
						"Name": "AlertByCustomerID.csv",
						"Type": "csv",
						"Path": "hdfs:///aml/data",
						"Debug": false
					},
					"AggregateFeatures": [
						{
							"Operation": "countMatching",
							"BaseLabel": "CustomerAlertCount"
						},
						{
							"Operation": "countMatching",
							"BaseLabel": "CustomerAlertEsclCount",
							"Column": "DispositionColumn",
							"Values": ["Escalated"]
						},
						{
							"Operation": "countMatching",
							"BaseLabel": "CustomerAlertSARCount",
							"Column": "DispositionColumn",
							"Values": ["SAR"]
						},
						{
							"Operation": "countMatching",
							"BaseLabel": "CustomerAlertWaivdCount",
							"Column": "DispositionColumn",
							"Values": ["Waived"]
						},
						{
							"Operation": "summarizeByFrequency",
							"BaseLabel": "DaysbtwEsclAlerts",
							"filters": [
						    		{
						      		"filterColumn": "DispositionColumn",
						      		"filterValue": ["Escalated"],
						      		"filterMatch": "include"
						    		}
							]
						}
					]
				},
				{
					"AggregateName": "ByAccountID",
					"AggregateBy": ["AccountColumn"],
					"StoredAs": {
						"Name": "AlertByAccountID.csv",
						"Type": "csv",
						"Path": "hdfs:///aml/data",
						"Debug": false
					},
					"AggregateFeatures": [
						{
							"Operation": "countMatching",
							"BaseLabel": "AccountAlertCount"
						},
						{
							"Operation": "countMatching",
							"BaseLabel": "AccountAlertEsclCount",
							"Column": "DispositionColumn",
							"Values": ["Escalated"]
						},
						{
							"Operation": "countMatching",
							"BaseLabel": "AccountAlertSARCount",
							"Column": "DispositionColumn",
							"Values": ["SAR"]
						},
						{
							"Operation": "countMatching",
							"BaseLabel": "AccountAlertWaivdCount",
							"Column": "DispositionColumn",
							"Values": ["Waived"]
						}
					]
				}
			]
		},
		{
			"Type": "AlertTxnMappings",
			"StoredAs": {
				"Name": "aml_alerttxmapping",
				"Type": "hive",
				"Path": ""
			},
			"IDColumn": "alert_id",
			"IsCashColumn": "is_cash",
			"TranIDColumn": "tran_id",
			"SubjectColumn": "party"
		},
		{
			"Type": "Countries",
			"StoredAs": {
				"Name": "CountryData.csv",
				"Type": "csv",
				"Path": "hdfs:///aml/data"
			},
			"NameColumn": "Country",
			"ISO2Column": "ISO2",
			"ISO3Column": "ISO3",
			"ISONumericColumn": "ISONumeric",
			"RiskScoreColumn": "RiskScore"
		},
		{
			"Type": "Individuals",
			"StoredAs": {
				"Name": "aml_individual",
				"Type": "hive",
				"Path": ""
			},
			"DefaultDisplayName": {
				"Format": "%s %s",
				"Columns": ["FirstNameColumn","LastNameColumn"]
			},
			"IDColumn": "partyid",
			"TitleColumn": "title",
			"FirstNameColumn": "firstname",
			"MiddleNameColumn": "middlename",
			"LastNameColumn": "lastname",
			"GenerationColumn": "generation",
			"BirthTimeColumn": "birthtime",
			"GenderColumn": "gender",
			"MaritalStatusColumn": "maritalstatus",
			"ResidenceCountryColumn": "countryofresidency",
			"BirthCountryColumn": "birthplacecountry",
			"NationalityColumn": "nationality",
			"OccupationColumn": "occupation",
			"PersonalEmailColumn": "personalemail",
			"WorkEmailColumn": "workemail",
			"AlternateEmailColumn": "alternateemail",
			"HomePhoneColumn": "homephone",
			"WorkPhoneColumn": "workphone",
			"CellPhoneColumn": "cellphone",
			"AlternatePhoneColumn": "alternatephone",
			"IsActiveColumn": "isactive",
			"ExternalIDColumn": "externalregisterednumber",
			"ExternalSystemColumn": "externalsystemname",
			"PartyTypeColumn": "partytype",
			"SourceTimeColumn": "sourcetimestamp",
			"DeathTimeColumn": "deathtime",
			"LastReviewTimeColumn": "lastreviewtime",
			"SourceOfIncomeColumn": "sourceofincome",
			"AliasColumn": "namealias"
		},
		{
			"Type": "Organizations",
			"StoredAs": {
				"Name": "aml_organization",
				"Type": "hive",
				"Path": ""
			},
			"DefaultDisplayName": {
				"Format": "%s",
				"Columns": ["NameColumn"]
			},
			"IDColumn": "partyid",
			"DbaColumn": "doingbusinessas",
			"LegalNameColumn": "legalname",
			"NameColumn": "name",
			"NatureOfBusinessColumn": "natureofbusiness",
			"IndustryCodeColumn": "industrycode",
			"WebsiteColumn": "website",
			"CountryOfIncorporationColumn": "countryofincorporation",
			"CountryOfResidencyColumn": "countryofresidency",
			"ListedCompanyColumn": "listedcompany",
			"EstablishedDateColumn": "establisheddate",
			"DissolvedDateColumn": "dissolveddate",
			"PrimaryPhoneColumn": "primaryphone",
			"AlternatePhoneColumn": "alternatephone",
			"CompanyEmailColumn": "companyemail",
			"IsActiveColumn": "isactive",
			"ExternalIDColumn": "externalregisterednumber",
			"ExternalSystemColumn": "externalsystemname",
			"PartyTypeColumn": "partytype",
			"SourceTimeColumn": "sourcetimestamp",
			"ParentIDColumn": "parentid",
			"LastReviewTimeColumn": "lastreviewtime",
			"DescriptionColumn": "description",
			"OrganizationSymbolColumn": "organizationsymbol",
			"StockExchangeListedColumn": "stockexchangelisted"
		},
		{
			"Type": "ResolvedEntities",
			"StoredAs": {
				"Name": "aml_resolvedentity",
				"Type": "hive",
				"Path": ""
			},
			"IDColumn": "entityrefid",
			"EntityReferenceColumn": "entityreference",
			"PartyID1Column": "partyid1",
			"PartyID2Column": "partyid2",
			"PartyID1EntityTypeColumn": "partyid1entitytype",
			"PartyID2EntityTypeColumn": "partyid2entitytype",
			"ScoreColumn": "score",
			"ReasonColumn": "reason"
		},
		{
			"Type": "Transactions",
			"StoredAs": {
				"Name": "aml_transaction",
				"Type": "hive",
				"Path": ""
			},
			"IDColumn": "tran_id",
			"AmountColumn": "base_amt",
			"CurrencyColumn": "curr",
			"CreditDebitColumn": "dbt_cdt",
			"CreditValue": "Credit",
			"OriginatorColumn": "orig_cust_id",
			"OriginatorDisplayNameColumn": "orig_display_nm",
			"OriginatorCountryColumn": "orig_ctry",
			"OriginatorAccountColumn": "orig_acct",
			"OriginatorInstIDColumn": "orig_inst_id",
			"BeneficiaryColumn": "bene_cust_id",
			"BeneficiaryDisplayNameColumn": "bene_display_nm",
			"BeneficiaryCountryColumn": "bene_ctry",
			"BeneficiaryAccountColumn": "bene_acct",
			"BeneficiaryInstIDColumn": "bene_inst_id",
			"IntermediaryColumn": "intermediary1_cust_id",
			"IntermediaryDisplayNameColumn": "intermediary1_display_nm",
			"IntermediaryCountryColumn": "intermediary1_ctry",
			"IntermediaryAccountColumn": "intermediary1_acct",
			"IntermediaryInstIDColumn": "intermediary1_inst_id",
			"Intermediary2AccountColumn": "intermediary2_acct",
			"Intermediary3AccountColumn": "intermediary3_acct",
			"Intermediary4AccountColumn": "intermediary4_acct",
			"TransactionTypeColumn": "tx_type",
			"ReferenceIDColumn": "reference_id",
			"ReferenceSourceColumn": "reference_source",
			"TimestampColumn": "tran_timestamp",
			"TimestampFormat": "yyyy-MM-dd'T'HH:mm:ssX",
			"Flags": {
				"StoredAs": {
					"Name": "TransactionFlags.csv",
					"Type": "csv",
					"Path": "hdfs:///aml/data",
					"Debug": false
				},
				"FlagFeatures": [
					{
						"Operation": "flagIfEqual",
						"Label": "TxSameCntry",
						"Columns": ["BeneficiaryCountryColumn","OriginatorCountryColumn"]
					},
					{
						"Operation": "flagIfEqual",
						"Label": "TxCntryUK",
						"Columns": ["BeneficiaryCountryColumn"],
						"FixedValue": "United Kingdom"
					},
					{
						"Operation": "flagIfFound",
						"Label": "TxCntryIn1",
						"Columns": ["BeneficiaryCountryColumn"],
						"FixedValue": ["United Kingdom", "Germany"]
					},
					{
						"Operation": "flagIfFound",
						"Label": "TxCntryIn2",
						"Columns": ["BeneficiaryCountryColumn"],
						"Source": {
						  "SourceType": "File",
						  "Type": "HighRiskCountries",
						  "AddTimes": false,
						  "Columns": "IDColumn"
						}
					},
					{
						"Operation": "flagIfDivByTenPower",
						"Label": "TxRounded",
						"Columns": ["AmountColumn"],
						"MinAmount": 5000,
						"Digits": 3
					},
					{
						"Operation": "flagCntUniq",
						"Label": "TxUniqCnt",
						"Columns": ["OriginatorCountryColumn","BeneficiaryCountryColumn"],
						"Exclude": ["Germany","United Kingdom"]
					},
					{
						"Operation": "flagDateCompare",
						"Label": "TxDateWithinRange1",
						"Columns": ["TimestampColumn"],
						"BaseDate": "2017-03-01",
						"Range": 30
					},
					{
						"Operation": "flagDateCompare",
						"Label": "TxDateWithinRange2",
						"Columns": ["TimestampColumn"],
						"BaseDate": "",
						"Range": 30
					},
					{
						"Operation": "flagTopRecords",
						"Label": "TxCntryTopRcds",
						"GroupBy": ["BeneficiaryColumn"],
						"OrderBy": ["AmountColumn"],
						"Descending": true,
						"NumRecords": 1
					},
					{
						"Operation": "flagRegex",
						"Label": "TxRegex",
						"Columns": "BeneficiaryCountryColumn",
						"Regex": "an+"
					},
					{
						"Operation": "flagNumCompare",
						"Label": "TxNumComp",
						"Columns": "AmountColumn",
						"Inclusive": true,
						"Min": 5000,
						"Max": "Inf"
					},
					{
						"Operation": "flagCopy",
						"Label": "TxDebitCredit",
						"Column": "CreditDebitColumn"
					}
				]
			},
			"Rules": [
				{
					"RuleAggregateName": "ByBeneficiary",
					"AggregateBy": ["BeneficiaryColumn"],
					"StoredAs": {
						"Name": "BOCB1mm2CV.csv",
						"Type": "csv",
						"Path": "hdfs:///aml/data",
						"Debug": false
					},
					"RuleFeatures": [
						{
							"Column": "AmountColumn",
							"Operation": "featureSum",
							"Label": "TranSum_B1mm2CV",
							"Flags": ["TxSameCntry","TxNumComp"],
							"FlagValues":["TRUE","TRUE"]
						},
						{
							"Operation": "featureCnt",
							"Label": "TranCnt_O1mm2CV",
							"Flags": ["TxSameCntry","TxNumComp"],
							"FlagValues":["TRUE","TRUE"]
						}
					]
				}
			],
			"Aggregators": [
					{
						"AggregateName": "ByBeneficiary",
						"AggregateBy": ["BeneficiaryColumn"],
						"StoredAs": {
							"Name": "ByBeneficiary.csv",
							"Type": "csv",
							"Path": "hdfs:///aml/data",
							"Debug": false
						},
						"GII": {
							"Weights": {
								"FPS1": 0.2,
								"FPS3": 0.2,
								"FPS4": 0.2,
								"FPS5": 0.2,
								"FPS6": 0.2
							},
							"StoredAs": {
								"Name": "ByBeneficiary_GII.csv",
								"Type": "csv",
								"Path": "hdfs:///aml/data",
								"Debug": false
							}
						},
						"AggregateFeatures": [
							{
							  "Operation": "summarizeByUniqueCount",
							  "BaseLabel": "IncomingUniqueCountryCount",
							  "CountColumn": "OriginatorCountryColumn",
							  "TimeRanges": ["Week","Month"],
							  "CountHighRisk": false,
							  "filters": [
							    {
							      "filterColumn": "CreditDebitColumn",
							      "filterValue": ["Credit"],
							      "filterMatch": "include"
							    }
							  ]
							},
							{
							  "Operation": "summarizeByUniqueCount",
							  "BaseLabel": "OutgoingUniqueCountryCount",
							  "CountColumn": "OriginatorCountryColumn",
							  "TimeRanges": ["Week","Month"],
							  "CountHighRisk": false,
							  "filters": [
							    {
							      "filterColumn": "CreditDebitColumn",
							      "filterValue": ["Debit"],
							      "filterMatch": "include"
							    }
							  ]
							},
							{
							  "Operation": "summarizeByUniqueCount",
							  "BaseLabel": "IncomingUniqueHighRiskCountryCount",
							  "CountColumn": "OriginatorCountryColumn",
							  "TimeRanges": ["Week","Month"],
							  "CountHighRisk": true,
							  "Source": {
							    "SourceType": "File",
							    "Type": "HighRiskCountries",
							    "Columns": "IDColumn"
							  },
							  "filters": [
							    {
							      "filterColumn": "CreditDebitColumn",
							      "filterValue": ["Credit"],
							      "filterMatch": "include"
							    }
							  ]
							},
							{
							  "Operation": "summarizeByUniqueCount",
							  "BaseLabel": "OutgoingUniqueHighRiskCountryCount",
							  "CountColumn": "OriginatorCountryColumn",
							  "TimeRanges": ["Week","Month"],
							  "CountHighRisk": true,
							  "Source": {
							    "SourceType": "File",
							    "Type": "HighRiskCountries",
							    "Columns": "IDColumn"
							  },
							  "filters": [
							    {
							      "filterColumn": "CreditDebitColumn",
							      "filterValue": ["Debit"],
							      "filterMatch": "include"
							    }
							  ]
							},
							{
								"Column": "AmountColumn",
								"Operation": "summarizeBySum",
								"BaseLabel": "TotalAmt",
								"TimeRanges": ["Day","Week","Month","Quarter","Year"]
							},
							{
								"Operation": "summarizeByCount",
								"BaseLabel": "TxCount",
								"TimeRanges": ["Day","Week","Month","Quarter","Year"]
							},
							{
								"Column": "AmountColumn",
								"Operation": "summarizeByStats",
								"BaseLabel": "TxAmt",
								"TimeRanges": ["Day","Week","Month","Quarter","Year"]
							},
							{
								"Operation": "summarizeByCountGrouped",
								"BaseLabel": "Unique",
								"GroupingColumns": ["OriginatorColumn", "OriginatorCountryColumn"],
								"TimeRanges": ["Month","Quarter"]
							},
							{
								"Operation": "summarizeByFrequency",
								"BaseLabel": "Frequency"
							},
							{
								"Column": "CreditDebitColumn",
								"Operation": "summarizeByPercentage",
								"BaseLabel": "Percent",
								"Category": "Debit",
								"filters": [
						    	{
						      	"filterColumn": "TransactionTypeColumn",
						      	"filterValue": ["WIRE", "ACH"],
						      	"filterMatch": "include"
						    	}
								]
							},
							{
								"Column": "AmountColumn",
								"Operation": "summarizeByVariance",
								"BaseLabel": "TxnAmtVariance",
								"TimeRanges": ["Week","Month"]
							},
							{
								"Operation": "countMatching",
								"BaseLabel": "BeneTxCount",
								"Column": "TransactionTypeColumn",
								"Values": []
							}
						],
						"JoinFeatures": []
					},
					{
						"AggregateName": "ByBeneficiaryTransactionType",
						"AggregateBy": ["BeneficiaryColumn","TransactionTypeColumn"],
						"StoredAs": {
							"Name": "ByBeneficiaryTransactionType.csv",
							"Type": "csv",
							"Path": "hdfs:///aml/data",
							"Debug": false
						},
						"GII": {
							"Weights": {
								"FPS1": 0.2,
								"FPS3": 0.2,
								"FPS4": 0.2,
								"FPS5": 0.2,
								"FPS6": 0.2
							},
							"StoredAs": {
								"Name": "ByBeneficiaryTransactionType_GII.csv",
								"Type": "csv",
								"Path": "hdfs:///aml/data",
								"Debug": false
							}
						},
						"AggregateFeatures": [
							{
								"Column": "AmountColumn",
								"Operation": "summarizeBySum",
								"BaseLabel": "TotalAmt",
								"TimeRanges": ["Day","Week","Month","Quarter","Year"]
							},
							{
								"Operation": "summarizeByCount",
								"BaseLabel": "TxCount",
								"TimeRanges": ["Day","Week","Month","Quarter","Year"]
							},
							{
								"Column": "AmountColumn",
								"Operation": "summarizeByStats",
								"BaseLabel": "TxAmt",
								"TimeRanges": ["Day","Week","Month","Quarter","Year"]
							},
							{
								"Operation": "summarizeByCountGrouped",
								"BaseLabel": "Unique",
								"GroupingColumns": ["OriginatorColumn", "OriginatorCountryColumn"],
								"TimeRanges": ["Month","Quarter"]
							},
							{
								"Operation": "summarizeByFrequency",
								"BaseLabel": "Frequency"
							}
						]
					}
			]
		},
		{
			"Type": "JoinedAlerts",
			"StoredAs": {
				"Name": "AML_sample_alert.csv",
				"Type": "csv",
				"Path": "hdfs:///aml/data"
			},
			"IDColumn": "alert_id",
			"SourceColumn": "src_sys",
			"SourceIDColumn": "src_id",
			"CustomerIDColumn": "cust_id",
			"AccountColumn": "acct_id",
			"SubjectDisplayNameColumn": "subject_display_name",
			"TransactionIDColumn": "",
			"TitleColumn": "",
			"CodeColumn": "",
			"TypologyColumn": "",
			"SubTypologyColumn": "",
			"TriggeredTransColumn": "",
			"FP_TP_TagColumn": "disposition",
			"DispositionColumn": "disposition",
			"NarrativeColumn": "",
			"ReviewCommentsColumn": "",
			"CaseHistoryColumn": "",
			"SARHistoryColumn": "",
			"ScoreColumn": "alert_score",
			"AlertCreateDateColumn": "create_ts",
			"AlertReviewDateColumn": "review_ts",
			"AlertCloseDateColumn": "closed_ts",
			"AlertStartDateColumn": "start_ts",
			"AlertEndDateColumn": "end_ts",
			"CaseCreateDateColumn": "",
			"PriorityColumn": "priority",
			"SuspType1Column": "susptype1",
			"SuspType2Column": "susptype2",
			"SuspType3Column": "susptype3",
			"PeerGroupColumn": "peer_group",
			"Desc1Column": "desc_1",
			"Desc2Column": "desc_2",
			"Desc3Column": "desc_3",
			"CreatorColumn": "creater_id",
			"ReviewStateColumn": "review_state",
			"ReviewOperColumn": "review_oper",
			"StatusColumn": "status",
			"DispositionOperColumn": "disposition_oper",
			"JoinFiles": [
				{
					"JoinType": "indirect",
					"Prefix": "TX",
					"Source": [
						{
							"Type": "AlertTxnMappings",
							"JoinColumnsX": ["IDColumn"],
							"JoinColumnsY": ["IDColumn"]
						},
						{
							"Type": "Transactions",
							"JoinColumnsX": ["TranIDColumn"],
							"JoinColumnsY": ["IDColumn"]
						}
					]
				}
			],
			"TxForeignColumn": "TX_is_frgn_trxn",
			"TxOriginatorCountryColumn":"TX_bene_ctry",
			"TxBeneficiaryCountryColumn":"TX_orig_ctry",
			"TxIDColumn": "TX_tran_id",
			"Aggregators": [
					{
						"AggregateName": "ByAlertID",
						"AggregateBy": ["IDColumn"],
						"StoredAs": {
							"Name": "ByAlertID.csv",
							"Type": "csv",
							"Path": "hdfs:///aml/data",
							"Debug": false
						},
						"GII": {
							"Weights": {
								"FPS1": 0.2,
								"FPS3": 0.2,
								"FPS4": 0.2,
								"FPS5": 0.2,
								"FPS6": 0.2
							},
							"StoredAs": {
								"Name": "ByAlertID_GII.csv",
								"Type": "csv",
								"Path": "hdfs:///aml/data",
								"Debug": false
							}
						},
						"AggregateFeatures": [
							{
								"Column": "TxForeignColumn",
								"Operation": "summarizeByPercentage",
								"BaseLabel": "TxPercentForeign",
								"Category": true,
								"filters": []
							},
							{
								"Columns": ["TxOriginatorCountryColumn","TxBeneficiaryCountryColumn"],
								"Operation": "summarizeByRiskCount",
								"BaseLabel": "TxRiskCntryCnt",
								"Category": true,
								"filters": []
							}
						]
					}
			]
		},
		{
			"Type": "HighRiskCountries",
			"StoredAs": {
				"Name": "AML_sample_highriskcountries.csv",
				"Type": "csv",
				"Path": "hdfs:///aml/data",
				"Debug": false
			},
			"IDColumn": "Country"
		}
	],
	"Rules": {
			"RoundDollarThresholds": {
				"TransactionType": ["ATM","WIRE"],
				"MinSingleTxAmt": 1000,
				"MinTotalTxCount": 1,
				"MinPercentRDTx": 0.05
		}
	},
	"AlertProcessing": {
		"TransactionHistory": {
			"Enabled": true,
			"PreviousDays": 180
		}
	},
	"Analytics": [
		{
			"Type": "PeerGroup",
			"Source": "AML_peer_groups.R",
			"BinningColumns": [
				{"Column1": ""},
				{"Column2": ""},
				{"Column3": ""}
			],
			"SegmentColumn": "CustomerCountry",
			"InputSource": {
				"SourceType": "Aggregate",
				"Type": "Transactions",
				"AggregateName": "ByCustomerID"
			},
			"JoinFeatures": [
				{
					"Operation": "copyExternalColumn",
					"Label": "CustomerCountry",
					"InputSourceJoin": "CustomerIDColumn",
					"Source": [
						{
							"Type": "Individuals",
							"Column": "NationalityColumn",
							"JoinColumns": ["IDColumn"]

						},
						{
							"Type": "Organizations",
							"Column": "CompanyAddressCountryColumn",
							"JoinColumns": ["IDColumn"]
						}
					]
				}
			],
			"StoredAs": {
					"Name": "PeerGroups.csv",
					"Type": "csv",
					"Path": "hdfs:///aml/data",
					"Debug": false
			}
		},
		{
			"Type": "AnomalyClustering",
			"Source": "FCAI_AnomalyClustering.R",
			"Debug": false,
			"Thrd_GII": 0.7,
			"Thrd_Crlt": 0.9,
			"minClust": 10,
			"maxClust": 20,
			"optClust": 0,
			"Results": {
				"Weight": 20,
				"ReasonType": "Anomaly",
				"ScoreColumn": "AnomalyScore",
				"InsightColumn": "AnomalyINSG"
			},
			"BandingFunction": "calculateScoringBands",
			"AssessmentFunction": "calculateScores",
			"ArtifactsFunction": "getModelArtifacts",
			"InsightFunction": "generateAnomalyInsight",
			"ResolveEntities": true,
			"InputSource": {
				"SourceType": "Aggregate",
				"Type": "Transactions",
				"AggregateName": "ByBeneficiary"
			},
			"Plotting": {
				"ScatterPlot": {
					"ColumnData": "nonCorrelatedData"
				}
			}
		},
		{
			"Type": "Univariate",
			"Source": "AML_univariate.R",
			"Debug": false,
			"Results": {
				"Weight": 20,
				"ReasonType": "Customer",
				"ScoreColumn": "byCustomerIDScore",
				"InsightColumn": "CustINSG"
			},
			"BandingFunction": "calculateScoringBands",
			"AssessmentFunction": "calculateScores",
			"ResolveEntities": true,
			"ScoringCurve": "Growth",
			"InputSource": {
				"SourceType": "Aggregate",
				"Type": "Transactions",
				"AggregateName": "ByBeneficiary"
			},
			"GroupingSource": {
				"SourceType": "Function",
				"Source": "AML_utils.R",
				"FunctionName": "loadCustomerCountries",
				"JoinColumnsX": ["BeneficiaryColumn"],
				"JoinColumnsY": ["CustomerID"],
				"PeerGroupColumn": "Country"
			}
		},
		{
			"Type": "SupervisedML",
			"Source": "AML_supervisedML_FPTP.R",
			"FP_Training_only": false,
			"TP_Training_only": false,
			"Debug": false,
			"Results": {
				"Weight": 20,
				"ReasonType": "FPTP",
				"ScoreColumn": "FPTPScore",
				"InsightColumn": "FPTPINSG"
			},
			"BandingFunction": "calculateScoringBands",
			"AssessmentFunction": "calculateScores",
			"ArtifactsFunction": "getModelArtifacts",
			"InputSource": [
				{
					"SourceType": "File",
					"Type": "Alerts",
					"AddTimes": false,
					"Columns": ["IDColumn","CustomerIDColumn"],
					"IDColumns": ["Transactions:IDColumn"],
					"InternalProcessingIDColumns": ["IDColumn","CustomerIDColumn","AlertTxnMappings:TranIDColumn"]
				},
				{
					"SourceType": "File",
					"Type": "AlertTxnMappings",
					"AddTimes": false,
					"Columns": ["IDColumn","TranIDColumn"],
					"JoinColumnsX": ["IDColumn"],
					"JoinColumnsY": ["IDColumn"]
				},
				{
					"SourceType": "File",
					"Type": "Transactions",
					"AddTimes": false,
					"Columns": ["IDColumn","AmountColumn","TransactionTypeColumn","BeneficiaryCountryColumn","OriginatorCountryColumn"],
					"CountryColumns": ["BeneficiaryCountryColumn","OriginatorCountryColumn"],
					"JoinColumnsX": ["AlertTxnMappings:TranIDColumn"],
					"JoinColumnsY": ["IDColumn"]
				},
				{
					"SourceType": "Aggregate",
					"Type": "Transactions",
					"AggregateName": "ByBeneficiary",
					"Thrd_GII": 0.7,
					"JoinColumnsX": ["CustomerIDColumn"],
					"JoinColumnsY": ["BeneficiaryColumn"]
				}
			],
			"TagSource": {
				"SourceType": "File",
				"Type": "Alerts",
				"AddTimes": false,
				"Columns": ["IDColumn","FP_TP_TagColumn"],
				"TagColumn": "FP_TP_TagColumn",
				"TagTrueValues": ["TP"],
				"JoinColumnsX": ["Alerts:IDColumn"],
				"JoinColumnsY": ["IDColumn"]
			}
		},
		{
			"Type": "CountryRisk",
			"Source": "AML_country_risk.R",
			"Results": {
				"Weight": 20,
				"ReasonType": "Geo",
				"ScoreColumn": "GeoNewScore",
				"InsightColumn": "CountryINSG"
			},
			"InputSource": {
					"SourceType": "File",
					"Type": "Countries",
					"AddTimes": false
			},
			"BandingFunction": "calculateScoringBands",
			"AssessmentFunction": "calculateScores",
			"ArtifactsFunction": "getModelArtifacts"
		}
	],
	"Insights": [
		{
			"Type": "Geo",
			"Source": "AML_generateInsights.R",
			"InsightFunction": "generateHighRiskCountry"
		},
		{
			"Type": "PA",
			"Source": "AML_generateInsights.R",
			"InsightFunction": "getPriorAlerts",
			"WaivedValues": ["Waived"],
			"EscalatedValues": ["Escalated"]
		}
	]
}
