"Occupation","Count"
"Chief executive",988752
"General and operations manager",870786
"Legislator",13453
"Advertising and promotions manager",44893
"Marketing and sales manager",750553
"Public relations and fundraising manager",45849
"Administrative services manager",116766
"Computer and information systems manager",506526
"Financial manager",1012605
"Compensation and benefits manager",14505
"Human resources manager",320390
"Training and development manager",41369
"Industrial production manager",213305
"Purchasing manager",176123
"Transportation, storage, and distribution manager",194090
"Farmers, ranchers, and other agricultural manager",484803
"Construction manager",497859
"Education administrator",714368
"Architectural and engineering manager",138107
"Food service manager",753165
"Funeral service manager",6176
"Gaming manager",15435
"Lodging manager",99204
"Medical and health services manager",548261
"Natural sciences manager",18000
"Postmasters and mail superintendent",26865
"Property, real estate, and community association manager",425054
"Social and community service manager",279484
"Emergency management director",7086
"Managers, all other",3185925
"Agents and business managers of artists, performers, and athlete",28067
"Buyers and purchasing agents, farm product",8270
"Wholesale and retail buyers, except farm product",150987
"Purchasing agents, except wholesale, retail, and farm product",235540
"Claims adjusters, appraisers, examiners, and investigator",261611
"Compliance officer",189933
"Cost estimator",109464
"Human resources worker",578364
"Compensation, benefits, and job analysis specialist",50772
"Training and development specialist",104231
"Logistician",99161
"Management analyst",578121
"Meeting, convention, and event planner",78952
"Fundraiser",67603
"Market research analysts and marketing specialist",221810
"Business operations specialists, all other",215806
"Accountants and auditor",1650965
"Appraisers and assessors of real estate",73377
"Budget analyst",42396
"Credit analyst",24707
"Financial analyst",112761
"Personal financial advisor",301894
"Insurance underwriter",97597
"Financial examiner",12011
"Credit counselors and loan officer",277101
"Tax examiners and collectors, and revenue agent",50499
"Tax preparer",49183
"Financial specialists, all other",57275
"Computer and information research scientist",13734
"Computer systems analyst",436666
"Information security analyst",54166
"Computer programmer",385712
"Software developers, applications and systems software",936718
"Web developer",134455
"Computer support specialist",470957
"Database administrator",98184
"Network and computer systems administrator",196933
"Computer network architect",95418
"Computer occupations, all other",394285
"Actuarie",22914
"Mathematician",1948
"Operations research analyst",125970
"Statistician",33773
"Miscellaneous mathematical science occupation",3139
"Architects, except naval",141152
"Surveyors, cartographers, and photogrammetrist",29964
"Aerospace engineer",117810
"Agricultural engineer",2728
"Biomedical engineer",12704
"Chemical engineer",53255
"Civil engineer",265469
"Computer hardware engineer",50875
"Electrical and electronics engineer",192576
"Environmental engineer",26410
"Industrial engineers, including health and safety",165516
"Marine engineers and naval architect",11337
"Materials engineer",31109
"Mechanical engineer",209614
"Mining and geological engineers, including mining safety engineer",9440
"Nuclear engineer",5990
"Petroleum engineer",25513
"Engineers, all other",437458
"Drafter",128241
"Engineering technicians, except drafter",346247
"Surveying and mapping technician",50099
"Agricultural and food scientist",20905
"Biological scientist",62964
"Conservation scientists and forester",19628
"Medical scientist",114534
"Life scientists, all other",3313
"Astronomers and physicist",9525
"Atmospheric and space scientist",9368
"Chemists and materials scientist",73433
"Environmental scientists and geoscientist",62401
"Physical scientists, all other",172984
"Economist",21923
"Survey researcher",979
"Psychologist",117712
"Urban and regional planner",18646
"Miscellaneous social scientists and related workers, including sociologist",32987
"Agricultural and food science technician",27239
"Biological technician",16135
"Chemical technician",58981
"Geological and petroleum technician",14224
"Nuclear technician",3391
"Social science research assistant",2703
"Miscellaneous life, physical, and social science technician",114298
"Counselor",497207
"Social worker",654587
"Probation officers and correctional treatment specialist",85047
"Social and human service assistant",111416
"Miscellaneous community and social service specialists, including health educators and community he",69659
"Clergy",334791
"Directors, religious activities and education",38350
"Religious workers, all other",40070
"Lawyer",863635
"Judicial law clerk",12515
"Judges, magistrates, and other judicial worker",56547
"Paralegals and legal assistant",304821
"Miscellaneous legal support worker",143840
"Postsecondary teacher",849153
"Preschool and kindergarten teacher",325524
"Elementary and middle school teacher",2299461
"Secondary school teacher",530630
"Special education teacher",160467
"Other teachers and instructor",361364
"Archivists, curators, and museum technician",31786
"Librarian",112685
"Library technician",16278
"Teacher assistant",388102
"Other education, training, and library workers, except teacher assistant",79433
"Artists and related worker",111480
"Designer",556962
"Actor",11200
"Producers and director",111813
"Athletes, coaches, umpires, and related worker",110655
"Dancers and choreographer",6855
"Musicians, singers, and related worker",60835
"Entertainers and performers, sports and related workers, all other",16398
"Announcer",26561
"News analysts, reporters and correspondent",56303
"Public relations specialist",100178
"Editor",117998
"Technical writer",43819
"Writers and author",122987
"Miscellaneous media and communication worker",45992
"Miscellaneous media and communications equipment workers, including broadcast and sound engineering",66723
"Photographer",77599
"Television, video, and motion picture camera operators and editor",30203
"Chiropractor",36745
"Dentist",99930
"Dietitians and nutritionist",60900
"Optometrist",25943
"Pharmacist",205072
"Physicians and surgeon",730247
"Physician assistant",85316
"Podiatrist",6545
"Audiologist",10702
"Occupational therapist",60837
"Physical therapist",147324
"Radiation therapist",12385
"Recreational therapist",8307
"Respiratory therapist",85564
"Speech-language pathologist",81195
"Miscellaneous therapists, including exercise physiologist",97196
"Veterinarian",57930
"Registered nurse",2110105
"Nurse anesthetist",21686
"Nurse midwive",3290
"Nurse practitioner",84664
"Health diagnosing and treating practitioners, all other",11072
"Clinical laboratory technologists and technician",253026
"Dental hygienist",61832
"Diagnostic related technologists and technician",243701
"Emergency medical technicians and paramedic",154762
"Health practitioner support technologists and technician",382366
"Licensed practical and licensed vocational nurse",504688
"Medical records and health information technician",107014
"Opticians, dispensing",39323
"Miscellaneous health technologists and technician",93026
"Other healthcare practitioners and technical occupation",79698
"Nursing, psychiatric, and home health aide",1296267
"Occupational therapy assistants and aide",10853
"Physical therapist assistants and aide",46744
"Massage therapist",54830
"Dental assistant",154919
"Medical assistant",337717
"Medical transcriptionist",33309
"Pharmacy aide",25054
"Veterinary assistants and laboratory animal caretaker",24041
"Phlebotomist",74625
"Healthcare support workers, all other, including medical equipment preparer",90764
"First-line supervisors of correctional officer",54284
"First-line supervisors of police and detective",99881
"First-line supervisors of fire fighting and prevention worker",44623
"First-line supervisors of protective service workers, all other",71757
"Firefighter",266895
"Fire inspector",16734
"Bailiffs, correctional officers, and jailer",390561
"Detectives and criminal investigator",119987
"Fish and game warden",3942
"Parking enforcement worker",5659
"Police and sheriff's patrol officer",651944
"Transit and railroad police",2349
"Animal control worker",9199
"Private detectives and investigator",69227
"Security guards and gaming surveillance officer",665053
"Crossing guard",10114
"Transportation security screener",22067
"Lifeguards and other recreational, and all other protective service worker",28248
"Chefs and head cook",294993
"First-line supervisors of food preparation and serving worker",370927
"Cook",1121167
"Food preparation worker",302892
"Bartender",196920
"Combined food preparation and serving workers, including fast food",124404
"Counter attendants, cafeteria, food concession, and coffee shop",32007
"Waiters and waitresse",688717
"Food servers, nonrestaurant",74319
"Dining room and cafeteria attendants and bartender helper",96134
"Dishwasher",102579
"Hosts and hostesses, restaurant, lounge, and coffee shop",41495
"Food preparation and serving related workers, all other",4455
"First-line supervisors of housekeeping and janitorial worker",183710
"First-line supervisors of landscaping, lawn service, and groundskeeping worker",118229
"Janitors and building cleaner",1494224
"Maids and housekeeping cleaner",728113
"Pest control worker",56359
"Grounds maintenance worker",712629
"First-line supervisors of gaming worker",42749
"First-line supervisors of personal service worker",92133
"Animal trainer",26071
"Nonfarm animal caretaker",103711
"Gaming services worker",65769
"Motion picture projectionist",2394
"Ushers, lobby attendants, and ticket taker",6992
"Miscellaneous entertainment attendants and related worker",49896
"Embalmers and funeral attendant",6518
"Morticians, undertakers, and funeral director",30358
"Barber",67104
"Hairdressers, hairstylists, and cosmetologist",417801
"Miscellaneous personal appearance worker",162390
"Baggage porters, bellhops, and concierge",55878
"Tour and travel guide",15994
"Childcare worker",540575
"Personal care aide",576242
"Recreation and fitness worker",166089
"Residential advisor",26808
"Personal care and service workers, all other",50435
"First-line supervisors of retail sales worker",2531495
"First-line supervisors of non-retail sales worker",1028147
"Cashier",1022519
"Counter and rental clerk",48702
"Parts salesperson",88744
"Retail salesperson",1704611
"Advertising sales agent",149454
"Insurance sales agent",435231
"Securities, commodities, and financial services sales agent",223635
"Travel agent",50832
"Sales representatives, services, all other",502811
"Sales representatives, wholesale and manufacturing",1163257
"Models, demonstrators, and product promoter",13228
"Real estate brokers and sales agent",509825
"Sales engineer",31905
"Telemarketer",43206
"Door-to-door sales workers, news and street vendors, and related worker",55057
"Sales and related workers, all other",178835
"First-line supervisors of office and administrative support worker",1162463
"Switchboard operators, including answering service",20687
"Telephone operator",26631
"Communications equipment operators, all other",6746
"Bill and account collector",147665
"Billing and posting clerk",383011
"Bookkeeping, accounting, and auditing clerk",866125
"Gaming cage worker",6894
"Payroll and timekeeping clerk",134042
"Procurement clerk",29682
"Teller",236240
"Financial clerks, all other",91441
"Brokerage clerk",6364
"Correspondence clerk",4645
"Court, municipal, and license clerk",66525
"Credit authorizers, checkers, and clerk",39944
"Customer service representative",1607908
"Eligibility interviewers, government program",65177
"File clerk",182589
"Hotel, motel, and resort desk clerk",75466
"Interviewers, except eligibility and loan",84255
"Library assistants, clerical",33850
"Loan interviewers and clerk",102716
"New accounts clerk",15352
"Order clerk",89731
"Human resources assistants, except payroll and timekeeping",45867
"Receptionists and information clerk",649801
"Reservation and transportation ticket agents and travel clerk",87046
"Information and record clerks, all other",77502
"Cargo and freight agent",15832
"Couriers and messenger",153917
"Dispatcher",236325
"Meter readers, utilitie",25713
"Postal service clerk",96023
"Postal service mail carrier",262707
"Postal service mail sorters, processors, and processing machine operator",58473
"Production, planning, and expediting clerk",260150
"Shipping, receiving, and traffic clerk",447093
"Stock clerks and order filler",825234
"Weighers, measurers, checkers, and samplers, recordkeeping",60289
"Secretaries and administrative assistant",2365323
"Computer operator",79416
"Data entry keyer",242793
"Word processors and typist",203407
"Desktop publisher",2516
"Insurance claims and policy processing clerk",286853
"Mail clerks and mail machine operators, except postal service",56599
"Office clerks, general",772954
"Office machine operators, except computer",24401
"Proofreaders and copy marker",6769
"Statistical assistant",16849
"Office and administrative support workers, all other",443309
"First-line supervisors of farming, fishing, and forestry worker",47908
"Agricultural inspector",12958
"Animal breeder",2697
"Graders and sorters, agricultural product",33623
"Miscellaneous agricultural worker",459793
"Fishing and hunting worker",19995
"Forest and conservation worker",9008
"Logging worker",41336
"First-line supervisors of construction trades and extraction worker",625375
"Boilermaker",11651
"Brickmasons, blockmasons, and stonemason",76630
"Carpenter",713293
"Carpet, floor, and tile installers and finisher",92751
"Cement masons, concrete finishers, and terrazzo worker",33050
"Construction laborer",994678
"Paving, surfacing, and tamping equipment operator",8452
"Operating engineers and other construction equipment operators, including pile-driver operator",249228
"Drywall installers, ceiling tile installers, and taper",80117
"Electrician",581646
"Glazier",30071
"Insulation worker",33172
"Painters, construction and maintenance",327101
"Paperhanger",2026
"Pipelayers, plumbers, pipefitters, and steamfitter",392940
"Plasterers and stucco mason",16877
"Reinforcing iron and rebar worker",4186
"Roofer",116183
"Sheet metal worker",95700
"Structural iron and steel worker",42693
"Helpers, construction trade",26422
"Construction and building inspector",69414
"Elevator installers and repairer",21769
"Fence erector",17005
"Hazardous materials removal worker",22924
"Highway maintenance worker",85795
"Rail-track laying and maintenance equipment operator",11189
"Septic tank servicers and sewer pipe cleaner",7928
"Miscellaneous construction and related workers, including solar photovoltaic installer",27741
"Derrick, rotary drill, and service unit operators, oil, gas, and mining",27966
"Earth drillers, except oil and ga",21487
"Explosives workers, ordnance handling experts, and blaster",8659
"Mining machine operator",58392
"Roof bolters, mining",3786
"Roustabouts, oil and ga",8519
"Helpers--extraction worker",3728
"Other extraction worker",55282
"First-line supervisors of mechanics, installers, and repairer",249307
"Computer, automated teller, and office machine repairer",177613
"Radio and telecommunications equipment installers and repairer",140138
"Avionics technician",16348
"Electric motor, power tool, and related repairer",21671
"Electrical and electronics installers and repairers, transportation equipment",1805
"Electrical and electronics repairers, industrial and utility",11120
"Electronic equipment installers and repairers, motor vehicle",11222
"Electronic home entertainment equipment installers and repairer",36481
"Security and fire alarm systems installer",43971
"Aircraft mechanics and service technician",144498
"Automotive body and related repairer",121129
"Automotive glass installers and repairer",14516
"Automotive service technicians and mechanic",683599
"Bus and truck mechanics and diesel engine specialist",257243
"Heavy vehicle and mobile equipment service technicians and mechanic",178495
"Small engine mechanic",33718
"Miscellaneous vehicle and mobile equipment mechanics, installers, and repairer",55387
"Control and valve installers and repairer",18254
"Heating, air conditioning, and refrigeration mechanics and installer",284589
"Home appliance repairer",28998
"Industrial and refractory machinery mechanic",337619
"Maintenance and repair workers, general",439582
"Maintenance workers, machinery",26089
"Millwright",38326
"Electrical power-line installers and repairer",101926
"Telecommunications line installers and repairer",126005
"Precision instrument and equipment repairer",52336
"Coin, vending, and amusement machine servicers and repairer",28527
"Commercial diver",2493
"Locksmiths and safe repairer",19459
"Manufactured building and mobile home installer",4081
"Rigger",8738
"Signal and track switch repairer",4849
"Helpers--installation, maintenance, and repair worker",13186
"Other installation, maintenance, and repair workers, including wind turbine service technician",178259
"First-line supervisors of production and operating worker",806813
"Aircraft structure, surfaces, rigging, and systems assembler",6379
"Electrical, electronics, and electromechanical assembler",111575
"Engine and other machine assembler",11466
"Structural metal fabricators and fitter",22116
"Miscellaneous assemblers and fabricator",745794
"Baker",129867
"Butchers and other meat, poultry, and fish processing worker",204490
"Food and tobacco roasting, baking, and drying machine operators and tender",7661
"Food batchmaker",57833
"Food cooking machine operators and tender",6447
"Food processing workers, all other",98219
"Computer control programmers and operator",73168
"Extruding and drawing machine setters, operators, and tenders, metal and plastic",10502
"Forging machine setters, operators, and tenders, metal and plastic",7026
"Rolling machine setters, operators, and tenders, metal and plastic",8621
"Cutting, punching, and press machine setters, operators, and tenders, metal and plastic",72330
"Drilling and boring machine tool setters, operators, and tenders, metal and plastic",3488
"Grinding, lapping, polishing, and buffing machine tool setters, operators, and tenders, metal and p",39369
"Lathe and turning machine tool setters, operators, and tenders, metal and plastic",8394
"Milling and planing machine setters, operators, and tenders, metal and plastic",2046
"Machinist",320037
"Metal furnace operators, tenders, pourers, and caster",19862
"Model makers and patternmakers, metal and plastic",5146
"Molders and molding machine setters, operators, and tenders, metal and plastic",35654
"Multiple machine tool setters, operators, and tenders, metal and plastic",3129
"Tool and die maker",52647
"Welding, soldering, and brazing worker",481929
"Heat treating equipment setters, operators, and tenders, metal and plastic",6262
"Layout workers, metal and plastic",6666
"Plating and coating machine setters, operators, and tenders, metal and plastic",13877
"Tool grinders, filers, and sharpener",4648
"Metal workers and plastic workers, all other",316969
"Prepress technicians and worker",23029
"Printing workers, except prepress technicians and worker",167521
"Laundry and dry-cleaning worker",120030
"Pressers, textile, garment, and related material",27961
"Sewing machine operator",131922
"Shoe and leather workers and repairer",6466
"Shoe machine operators and tender",3500
"Tailors, dressmakers, and sewer",44284
"Textile bleaching and dyeing machine operators and tender",2799
"Textile cutting machine setters, operators, and tender",5061
"Textile knitting and weaving machine setters, operators, and tender",7083
"Textile winding, twisting, and drawing out machine setters, operators, and tender",10204
"Fabric and apparel patternmaker",2613
"Upholsterer",25429
"Miscellaneous textile, apparel, and furnishings workers, including extruding and forming machine se",13014
"Cabinetmakers and bench carpenter",39686
"Furniture finisher",9786
"Sawing machine setters, operators, and tenders, wood",24374
"Woodworking machine setters, operators, and tenders, except sawing",14889
"Miscellaneous woodworkers, including model makers and patternmaker",19227
"Power plant operators, distributors, and dispatcher",43891
"Stationary engineers and boiler operator",79771
"Water and wastewater treatment plant and system operator",78004
"Miscellaneous plant and system operator",36939
"Chemical processing machine setters, operators, and tender",47602
"Crushing, grinding, polishing, mixing, and blending worker",74654
"Cutting worker",48840
"Extruding, forming, pressing, and compacting machine setters, operators, and tender",24064
"Furnace, kiln, oven, drier, and kettle operators and tender",10499
"Inspectors, testers, sorters, samplers, and weigher",623250
"Jewelers and precious stone and metal worker",26507
"Medical, dental, and ophthalmic laboratory technician",62595
"Packaging and filling machine operators and tender",191476
"Painting worker",113065
"Photographic process workers and processing machine operator",24606
"Semiconductor processor",2249
"Adhesive bonding machine operators and tender",7491
"Cleaning, washing, and metal pickling equipment operators and tender",5278
"Cooling and freezing equipment operators and tender",2516
"Etchers and engraver",6640
"Molders, shapers, and casters, except metal and plastic",22830
"Paper goods machine setters, operators, and tender",21845
"Tire builder",13195
"Helpers--production worker",27556
"Production workers, all other",900639
"Supervisors of transportation and material moving worker",183137
"Aircraft pilots and flight engineer",90167
"Air traffic controllers and airfield operations specialist",33994
"Flight attendant",47930
"Ambulance drivers and attendants, except emergency medical technician",9600
"Bus driver",271246
"Driver/sales workers and truck driver",2466461
"Taxi drivers and chauffeur",216171
"Motor vehicle operators, all other",18787
"Locomotive engineers and operator",44005
"Railroad brake, signal, and switch operator",4533
"Railroad conductors and yardmaster",44347
"Subway, streetcar, and other rail transportation worker",10373
"Sailors and marine oiler",14310
"Ship and boat captains and operator",26296
"Ship engineer",3330
"Bridge and lock tender",3454
"Parking lot attendant",42359
"Automotive and watercraft service attendant",61026
"Transportation inspector",39454
"Transportation attendants, except flight attendant",12412
"Other transportation worker",16255
"Conveyor operators and tender",4222
"Crane and tower operator",54277
"Dredge, excavating, and loading machine operator",26542
"Hoist and winch operator",6363
"Industrial truck and tractor operator",431455
"Cleaners of vehicles and equipment",204067
"Laborers and freight, stock, and material movers, hand",1234627
"Machine feeders and offbearer",19509
"Packers and packagers, hand",274176
"Pumping station operator",23574
"Refuse and recyclable material collector",69101
"Mine shuttle car operator",1171
"Tank car, truck, and ship loader",4571
"Material moving workers, all other",33829
